recording_id,file,n_tokens,SI,EN,OTHER,unknown_labels,derived_switches,top_language_share,si_function_words,si_function_words_tagged_EN,null_timestamps,bad_json_lines,sinhala_script_tagged_EN,sinhala_script_convention,issues
J26DS313_R0002,J26DS313_R0002.tokens.jsonl,114,47,67,0,0,33,0.588,16,0.0,0,0,0,romanized,
J26DS313_R0003,J26DS313_R0003.tokens.jsonl,70,41,29,0,0,21,0.586,15,0.0,0,0,0,romanized,
J26DS313_R0004,J26DS313_R0004.tokens.jsonl,75,66,9,0,0,15,0.88,22,0.0,0,0,0,romanized,
J26DS313_R0005,J26DS313_R0005.tokens.jsonl,83,56,27,0,0,19,0.675,0,0.0,0,0,0,unicode,
J26DS313_R0006,J26DS313_R0006.tokens.jsonl,108,75,33,0,0,48,0.694,0,0.0,0,0,27,unicode,SINHALA_SCRIPT_AS_EN
J26DS313_R0007,J26DS313_R0007.tokens.jsonl,101,77,22,2,0,32,0.762,22,0.0,0,0,0,romanized,NO_AUDIO
J26DS313_R0008,J26DS313_R0008.tokens.jsonl,22,18,4,0,0,6,0.818,0,0.0,22,0,1,unicode,EXCLUDED NULL_TIMESTAMPS SINHALA_SCRIPT_AS_EN
J26DS313_R0009,J26DS313_R0009.tokens.jsonl,67,53,14,0,0,26,0.791,0,0.0,0,0,14,unicode,SINHALA_SCRIPT_AS_EN
J26DS313_R0010,J26DS313_R0010.tokens.jsonl,62,44,18,0,0,27,0.71,0,0.0,0,0,13,unicode,SINHALA_SCRIPT_AS_EN
J26DS313_R0011,J26DS313_R0011.tokens.jsonl,211,132,79,0,0,84,0.626,0,0.0,0,0,0,unicode,
J26DS313_R0012,J26DS313_R0012.tokens.jsonl,202,84,117,1,0,76,0.579,1,1.0,0,0,0,unicode,
J26DS313_R0013,J26DS313_R0013.tokens.jsonl,189,86,102,1,0,80,0.54,0,0.0,0,0,0,unicode,
J26DS313_R0014,J26DS313_R0014.tokens.jsonl,177,112,59,6,0,64,0.633,36,0.0,0,0,0,romanized,
J26DS313_R0015,J26DS313_R0015.tokens.jsonl,278,177,96,5,0,116,0.637,0,0.0,0,0,1,unicode,SINHALA_SCRIPT_AS_EN
J26DS313_R0016,J26DS313_R0016.tokens.jsonl,238,150,80,8,0,102,0.63,0,0.0,0,0,0,unicode,
J26DS313_R0017,J26DS313_R0017.tokens.jsonl,251,0,237,14,0,21,0.944,49,1.0,0,0,0,none,EXCLUDED PARTIAL_MISLABEL
J26DS313_R0018,J26DS313_R0018.tokens.jsonl,260,95,152,13,0,98,0.585,31,0.0,0,0,0,romanized,
J26DS313_R0019,J26DS313_R0019.tokens.jsonl,398,174,224,0,0,128,0.563,0,0.0,0,0,0,unicode,
J26DS313_R0020,J26DS313_R0020.tokens.jsonl,335,173,162,0,0,103,0.516,0,0.0,0,0,0,unicode,
J26DS313_R0021,J26DS313_R0021.tokens.jsonl,355,223,132,0,0,117,0.628,0,0.0,0,0,0,unicode,
J26DS313_R0022,J26DS313_R0022.tokens.jsonl,291,173,107,11,0,106,0.595,0,0.0,0,0,0,unicode,
J26DS313_R0023,J26DS313_R0023.tokens.jsonl,215,138,64,13,0,48,0.642,28,0.071,0,0,0,romanized,
J26DS313_R0024,J26DS313_R0024.tokens.jsonl,249,123,114,12,0,115,0.494,44,0.045,0,0,0,romanized,
J26DS313_R0025,J26DS313_R0025.tokens.jsonl,416,221,195,0,0,114,0.531,0,0.0,0,0,0,unicode,
J26DS313_R0026,J26DS313_R0026.tokens.jsonl,259,141,118,0,0,95,0.544,0,0.0,0,0,0,unicode,
J26DS313_R0027,J26DS313_R0027.tokens.jsonl,711,597,108,6,0,159,0.84,0,0.0,0,0,0,unicode,
J26DS313_R0028,J26DS313_R0028.tokens.jsonl,81,62,19,0,0,24,0.765,12,0.0,0,0,0,romanized,
J26DS313_R0031,J26DS313_R0031.tokens.jsonl,658,367,241,50,0,247,0.558,0,0.0,0,0,0,unicode,NO_AUDIO NOT_IN_MANIFEST
J26DS313_R0032,J26DS313_R0032.tokens.jsonl,288,174,78,36,0,100,0.604,0,0.0,0,0,0,unicode,NO_AUDIO NOT_IN_MANIFEST
J26DS313_R0033,J26DS313_R0033.tokens.jsonl,382,217,137,28,0,145,0.568,0,0.0,0,0,0,unicode,NO_AUDIO NOT_IN_MANIFEST
J26DS313_R0034,J26DS313_R0034.tokens.jsonl,397,215,146,36,0,134,0.542,0,0.0,0,0,0,unicode,NO_AUDIO NOT_IN_MANIFEST
J26DS313_R0035,J26DS313_R0035.tokens.jsonl,383,189,128,66,0,148,0.493,0,0.0,85,0,0,unicode,NULL_TIMESTAMPS NO_AUDIO NOT_IN_MANIFEST
J26DS313_R0036,J26DS313_R0036.tokens.jsonl,333,155,145,33,0,127,0.465,0,0.0,0,0,0,unicode,NO_AUDIO NOT_IN_MANIFEST
J26DS313_R0037,J26DS313_R0037.tokens.jsonl,367,201,135,31,0,120,0.548,0,0.0,0,0,0,unicode,NO_AUDIO NOT_IN_MANIFEST
J26DS313_R0038,J26DS313_R0038.tokens.jsonl,353,176,135,42,0,137,0.499,0,0.0,0,0,0,unicode,NO_AUDIO NOT_IN_MANIFEST
J26DS313_R0039,J26DS313_R0039.tokens.jsonl,338,228,73,37,0,99,0.675,0,0.0,0,0,0,unicode,NO_AUDIO NOT_IN_MANIFEST
J26DS313_R0040,J26DS313_R0040.tokens.jsonl,290,187,82,21,0,92,0.645,0,0.0,0,0,0,unicode,NO_AUDIO NOT_IN_MANIFEST
J26DS313_R0041,J26DS313_R0041.tokens.jsonl,389,208,128,53,0,139,0.535,0,0.0,0,0,0,unicode,NO_AUDIO NOT_IN_MANIFEST
J26DS313_R0042,J26DS313_R0042.tokens.jsonl,350,208,98,44,0,129,0.594,0,0.0,0,0,0,unicode,NO_AUDIO NOT_IN_MANIFEST
J26DS313_R0043,J26DS313_R0043.tokens.jsonl,357,233,85,39,0,114,0.653,0,0.0,1,0,0,unicode,NULL_TIMESTAMPS NO_AUDIO NOT_IN_MANIFEST
J26DS313_R0044,J26DS313_R0044.tokens.jsonl,387,245,98,44,0,115,0.633,0,0.0,0,0,0,unicode,NO_AUDIO NOT_IN_MANIFEST
J26DS313_R0045,J26DS313_R0045.tokens.jsonl,398,245,128,25,0,150,0.616,0,0.0,114,0,0,unicode,NULL_TIMESTAMPS NO_AUDIO NOT_IN_MANIFEST
J26DS313_R0046,J26DS313_R0046.tokens.jsonl,737,468,226,43,0,251,0.635,0,0.0,13,0,0,unicode,NULL_TIMESTAMPS NO_AUDIO NOT_IN_MANIFEST
J26DS313_R0048,J26DS313_R0048.tokens.jsonl,214,149,61,4,0,70,0.696,0,0.0,0,0,0,unicode,NO_AUDIO NOT_IN_MANIFEST
J26DS313_R0049,J26DS313_R0049.tokens.jsonl,445,225,192,28,0,207,0.506,0,0.0,0,0,0,unicode,NOT_IN_MANIFEST
J26DS313_R0050,J26DS313_R0050.tokens.jsonl,356,157,198,1,0,128,0.556,72,0.0,0,0,0,romanized,NO_AUDIO NOT_IN_MANIFEST
J26DS313_R0051,J26DS313_R0051.tokens.jsonl,310,231,78,1,0,79,0.745,74,0.135,0,0,0,romanized,PARTIAL_MISLABEL NO_AUDIO NOT_IN_MANIFEST
J26DS313_R0052,J26DS313_R0052.tokens.jsonl,375,187,188,0,0,168,0.501,90,0.0,185,0,0,romanized,NULL_TIMESTAMPS NO_AUDIO NOT_IN_MANIFEST
J26DS313_R0053,J26DS313_R0053.tokens.jsonl,380,0,380,0,0,0,1.0,89,1.0,0,0,0,none,EXCLUDED BULK_LABEL NO_AUDIO NOT_IN_MANIFEST
J26DS313_R0054,J26DS313_R0054.tokens.jsonl,426,0,426,0,0,0,1.0,93,1.0,0,0,0,none,EXCLUDED BULK_LABEL NO_AUDIO NOT_IN_MANIFEST
J26DS313_R0055,J26DS313_R0055.tokens.jsonl,392,0,392,0,0,0,1.0,91,1.0,0,0,0,none,EXCLUDED BULK_LABEL NO_AUDIO NOT_IN_MANIFEST
J26DS313_R0056,J26DS313_R0056.tokens.jsonl,291,1,290,0,0,2,0.997,51,1.0,0,0,0,romanized,EXCLUDED BULK_LABEL NO_AUDIO NOT_IN_MANIFEST
J26DS313_R0057,J26DS313_R0057.tokens.jsonl,162,132,26,4,0,27,0.815,3,1.0,0,0,0,unicode,NO_AUDIO NOT_IN_MANIFEST
J26DS313_R0058,J26DS313_R0058.tokens.jsonl,373,369,4,0,0,2,0.989,99,0.0,0,0,0,romanized,EXCLUDED BULK_LABEL NO_AUDIO NOT_IN_MANIFEST
J26DS313_R0059,J26DS313_R0059.tokens.jsonl,173,0,173,0,0,0,1.0,50,1.0,0,0,0,none,EXCLUDED BULK_LABEL NO_AUDIO NOT_IN_MANIFEST
J26DS313_R0060,J26DS313_R0060.tokens.jsonl,208,161,47,0,0,45,0.774,0,0.0,0,0,0,unicode,NO_AUDIO NOT_IN_MANIFEST
J26DS313_R0061,J26DS313_R0061.tokens.jsonl,298,194,104,0,0,122,0.651,0,0.0,0,0,0,unicode,NO_AUDIO NOT_IN_MANIFEST
J26DS313_R0062,R0062.tokens.jsonl,255,66,189,0,0,77,0.741,67,0.507,0,0,0,romanized,PARTIAL_MISLABEL NO_PREFIX NO_AUDIO NOT_IN_MANIFEST
J26DS313_R0063,R0063.tokens.jsonl,233,56,177,0,0,63,0.76,49,0.347,0,0,0,romanized,PARTIAL_MISLABEL NO_PREFIX NO_AUDIO NOT_IN_MANIFEST
J26DS313_R0064,R0064.tokens.jsonl,243,57,186,0,0,68,0.765,50,0.22,0,0,0,romanized,PARTIAL_MISLABEL NO_PREFIX NO_AUDIO NOT_IN_MANIFEST
J26DS313_R0065,R0065.tokens.jsonl,423,113,310,0,0,140,0.733,93,0.258,0,0,0,romanized,PARTIAL_MISLABEL NO_PREFIX NO_AUDIO NOT_IN_MANIFEST
