clip_path,recording,utt_id,start,end,duration_s,text
/mnt/F/SLIIT/Research/J26-DS-313-SORA/c1/data/asr_clips/J26DS313_R0002_u001.wav,J26DS313_R0002,J26DS313_R0002_u001,1.19,4.98,3.78,hello sampath bank customer care amashi speaking kohomada help karanne
/mnt/F/SLIIT/Research/J26-DS-313-SORA/c1/data/asr_clips/J26DS313_R0002_u002.wav,J26DS313_R0002,J26DS313_R0002_u002,5.68,9.82,4.14,aiyo mage card eka nathi una me block karanna oni ikmanata
/mnt/F/SLIIT/Research/J26-DS-313-SORA/c1/data/asr_clips/J26DS313_R0002_u004.wav,J26DS313_R0002,J26DS313_R0002_u004,11.06,12.77,1.71,Osadi fernando NIC eka oneda
/mnt/F/SLIIT/Research/J26-DS-313-SORA/c1/data/asr_clips/J26DS313_R0002_u005.wav,J26DS313_R0002,J26DS313_R0002_u005,14.24,15.29,1.05,ow NIC ekath denna
/mnt/F/SLIIT/Research/J26-DS-313-SORA/c1/data/asr_clips/J26DS313_R0002_u006.wav,J26DS313_R0002,J26DS313_R0002_u006,16.66,18.03,1.35,9 5 3 2 0 1 4 5 6 v
/mnt/F/SLIIT/Research/J26-DS-313-SORA/c1/data/asr_clips/J26DS313_R0002_u008.wav,J26DS313_R0002,J26DS313_R0002_u008,24.22,27.47,3.15,inna 7 4 5 0 3 8 2 9 9 4 2 5
/mnt/F/SLIIT/Research/J26-DS-313-SORA/c1/data/asr_clips/J26DS313_R0002_u009.wav,J26DS313_R0002,J26DS313_R0002_u009,34.5,37.23,2.7,register karapu number eka 0 7 7 1 2 3 4 5 6 7 da
/mnt/F/SLIIT/Research/J26-DS-313-SORA/c1/data/asr_clips/J26DS313_R0002_u010.wav,J26DS313_R0002,J26DS313_R0002_u010,41.28,47.52,6.24,ah ow ow ehamai me mage date of birth eka oneda
/mnt/F/SLIIT/Research/J26-DS-313-SORA/c1/data/asr_clips/J26DS313_R0002_u013.wav,J26DS313_R0002,J26DS313_R0002_u013,56.66,61.96,5.28,hari card eka block kara new card eka number 24 galle road dehiwala address ekata ewanawa
/mnt/F/SLIIT/Research/J26-DS-313-SORA/c1/data/asr_clips/J26DS313_R0002_u014.wav,J26DS313_R0002,J26DS313_R0002_u014,62.74,64.59,1.83,ane thank you so much amashi
/mnt/F/SLIIT/Research/J26-DS-313-SORA/c1/data/asr_clips/J26DS313_R0003_u001.wav,J26DS313_R0003,J26DS313_R0003_u001,0.74,5.0,4.26,"Hello, Nawaloka Hospital Appointments, obata sahaya wanne keseda?"
/mnt/F/SLIIT/Research/J26-DS-313-SORA/c1/data/asr_clips/J26DS313_R0003_u002.wav,J26DS313_R0003,J26DS313_R0003_u002,5.8,7.96,2.16,Mata Dr. Nimal Perera channel karanna one.
/mnt/F/SLIIT/Research/J26-DS-313-SORA/c1/data/asr_clips/J26DS313_R0003_u003.wav,J26DS313_R0003,J26DS313_R0003_u003,8.59,9.92,1.32,"Aa hari, patient ge nama mokakda?"
/mnt/F/SLIIT/Research/J26-DS-313-SORA/c1/data/asr_clips/J26DS313_R0003_u004.wav,J26DS313_R0003,J26DS313_R0003_u004,10.3,13.53,3.21,"Amandi Silva, NIC eka 200371911688."
/mnt/F/SLIIT/Research/J26-DS-313-SORA/c1/data/asr_clips/J26DS313_R0003_u005.wav,J26DS313_R0003,J26DS313_R0003_u005,17.0,18.96,1.95,Aa hari. Date of birth eka kiyanna puluwanda?
/mnt/F/SLIIT/Research/J26-DS-313-SORA/c1/data/asr_clips/J26DS313_R0003_u006.wav,J26DS313_R0003,J26DS313_R0003_u006,19.0,20.23,1.23,August 8 2003.
/mnt/F/SLIIT/Research/J26-DS-313-SORA/c1/data/asr_clips/J26DS313_R0003_u009.wav,J26DS313_R0003,J26DS313_R0003_u009,28.91,30.0,1.08,Address ekath kiyannada?
/mnt/F/SLIIT/Research/J26-DS-313-SORA/c1/data/asr_clips/J26DS313_R0003_u010.wav,J26DS313_R0003,J26DS313_R0003_u010,31.02,34.48,3.45,Number 102 Temple Road Nugegoda.
/mnt/F/SLIIT/Research/J26-DS-313-SORA/c1/data/asr_clips/J26DS313_R0003_u011.wav,J26DS313_R0003,J26DS313_R0003_u011,35.0,39.84,4.83,Hari. Next Monday hawasa 3 ta thamai appointment eka thiyenne. Enna puluwan neda?
/mnt/F/SLIIT/Research/J26-DS-313-SORA/c1/data/asr_clips/J26DS313_R0003_u012.wav,J26DS313_R0003,J26DS313_R0003_u012,40.24,43.77,3.51,Ow. Thank you. Mage nangi ekka enawa mama.
/mnt/F/SLIIT/Research/J26-DS-313-SORA/c1/data/asr_clips/J26DS313_R0004_u001.wav,J26DS313_R0004,J26DS313_R0004_u001,1.14,6.72,5.58,"Ah finally, Rumeth, oya kohomada, mokada meeting ekata parakku une?"
/mnt/F/SLIIT/Research/J26-DS-313-SORA/c1/data/asr_clips/J26DS313_R0004_u002.wav,J26DS313_R0004,J26DS313_R0004_u002,9.09,12.0,2.91,"Aiyo machan traffic eka, Borella langa hari block."
/mnt/F/SLIIT/Research/J26-DS-313-SORA/c1/data/asr_clips/J26DS313_R0004_u004.wav,J26DS313_R0004,J26DS313_R0004_u004,14.06,15.45,1.38,Borella eka nan hamadama ehemai.
/mnt/F/SLIIT/Research/J26-DS-313-SORA/c1/data/asr_clips/J26DS313_R0004_u005.wav,J26DS313_R0004,J26DS313_R0004_u005,15.51,18.68,3.15,"Hari hari dan hamoma aawane, ehenan trip eka gana katha karamu."
/mnt/F/SLIIT/Research/J26-DS-313-SORA/c1/data/asr_clips/J26DS313_R0004_u006.wav,J26DS313_R0004,J26DS313_R0004_u006,20.24,25.88,5.64,"Ow Sathmina, oya whatsapp group ekata daapu plan eka kieuwada hamoma?"
/mnt/F/SLIIT/Research/J26-DS-313-SORA/c1/data/asr_clips/J26DS313_R0004_u007.wav,J26DS313_R0004,J26DS313_R0004_u007,27.66,30.9,3.24,"mm mokadda me, a hari hari, kiewwa kiewwa kiewwa, Ella yanna kiyala."
/mnt/F/SLIIT/Research/J26-DS-313-SORA/c1/data/asr_clips/J26DS313_R0004_u008.wav,J26DS313_R0004,J26DS313_R0004_u008,32.16,34.68,2.52,Ella yanna kiyala? Ella yanna.
/mnt/F/SLIIT/Research/J26-DS-313-SORA/c1/data/asr_clips/J26DS313_R0004_u009.wav,J26DS313_R0004,J26DS313_R0004_u009,35.36,38.02,2.64,"Ella, Ella, a hari hari, Ella, Ella, Ella."
/mnt/F/SLIIT/Research/J26-DS-313-SORA/c1/data/asr_clips/J26DS313_R0006_u001.wav,J26DS313_R0006,J26DS313_R0006_u001,0.62,9.64,9.0,හරි මම හොටෙල් එකට කතා කරලා බලන්නම් ඇල්ල ගාඩ්න් රිසෝට් එකක් මේ මගේ යාළුවෙක් මම දන්න කෙනෙක් මැනේජර් මහේන් කියලා
/mnt/F/SLIIT/Research/J26-DS-313-SORA/c1/data/asr_clips/J26DS313_R0006_u002.wav,J26DS313_R0006,J26DS313_R0006_u002,13.17,15.86,2.67,ආ මහේන් හොඳයි ඒකෙන් ඩිස්කවුන්ට් එකක් ගන්න පුළුවන්
/mnt/F/SLIIT/Research/J26-DS-313-SORA/c1/data/asr_clips/J26DS313_R0006_u003.wav,J26DS313_R0006,J26DS313_R0006_u003,17.3,24.27,6.96,හෙලෝ මහේන් ඔසදි හියර් මචං හොඳින් නේද අපි මේ හතර දෙනෙක් 14th ටු 16th ඇල්ල එන්න හිතන් ඉන්නවා රූම්ස් තියෙනවද
/mnt/F/SLIIT/Research/J26-DS-313-SORA/c1/data/asr_clips/J26DS313_R0006_u004.wav,J26DS313_R0006,J26DS313_R0006_u004,30.8,36.75,5.94,ඔව් ඔව් ටූ රූම්ස් මහේන් බුකින් එකට එන්අයිසී එක ඕනෙ නේද හරි මහේන් එන්අයිසී එක 953201456V
/mnt/F/SLIIT/Research/J26-DS-313-SORA/c1/data/asr_clips/J26DS313_R0006_u005.wav,J26DS313_R0006,J26DS313_R0006_u005,45.54,47.64,2.1,ඇඩ්රස් එක අහගන්න අපිට ඩිරෙක්ෂන්ස් ඕනෙනේ
/mnt/F/SLIIT/Research/J26-DS-313-SORA/c1/data/asr_clips/J26DS313_R0006_u006.wav,J26DS313_R0006,J26DS313_R0006_u006,49.0,55.47,6.45,මචං හොටෙල් එකේ ඇඩ්රස් එක වට්ස්ඇප් කරන්නකෝ ආ නම්බර් 24 පසන්න රෝඩ් ඇල්ල
/mnt/F/SLIIT/Research/J26-DS-313-SORA/c1/data/asr_clips/J26DS313_R0006_u007.wav,J26DS313_R0006,J26DS313_R0006_u007,60.3,64.91,4.59,හරි හරි කන්ටැක්ට් නම්බර් එක 0771234567 හරි හරි තෑන්ක් යු මචං
/mnt/F/SLIIT/Research/J26-DS-313-SORA/c1/data/asr_clips/J26DS313_R0006_u009.wav,J26DS313_R0006,J26DS313_R0006_u009,78.48,82.19,3.69,හොඳයි මහේන් කිව්වා ඇඩ්වාන්ස් එකක් දාන්න ඕනේ කියලත් 30%
/mnt/F/SLIIT/Research/J26-DS-313-SORA/c1/data/asr_clips/J26DS313_R0009_u001.wav,J26DS313_R0009,J26DS313_R0009_u001,1.22,4.88,3.66,කීප් එකක් ට්‍රිප් එකට කලින් අපේ රිපෝට් එක නිමල් ඇහුවා අද
/mnt/F/SLIIT/Research/J26-DS-313-SORA/c1/data/asr_clips/J26DS313_R0009_u002.wav,J26DS313_R0009,J26DS313_R0009_u002,8.75,10.18,1.41,අයියෝ රිපෝට් එක
/mnt/F/SLIIT/Research/J26-DS-313-SORA/c1/data/asr_clips/J26DS313_R0009_u004.wav,J26DS313_R0009,J26DS313_R0009_u004,14.12,16.43,2.31,අපි ටිප් එක ඉවර කරන්න ඕනේ පොඩ්ඩක් රීෂෙඩියුල් කරන්න කියලා
/mnt/F/SLIIT/Research/J26-DS-313-SORA/c1/data/asr_clips/J26DS313_R0009_u005.wav,J26DS313_R0009,J26DS313_R0009_u005,18.08,24.82,6.72,මම නිමල්ට කතා කරලා බලන්නම් ෆ්‍රයිඩේ එක නම් මන්දෙට රීෂෙඩියුල් කරගන්න පුළුවන් වෙයි එහෙනම් ට්‍රිප් එක නිසා ප්‍රෙෂර් එකක් නෑනේ
/mnt/F/SLIIT/Research/J26-DS-313-SORA/c1/data/asr_clips/J26DS313_R0009_u006.wav,J26DS313_R0009,J26DS313_R0009_u006,30.26,31.75,1.47,එහෙනම් මම ස්ලයිඩ්ස් එක බලාගන්නම් සත්මිණ
/mnt/F/SLIIT/Research/J26-DS-313-SORA/c1/data/asr_clips/J26DS313_R0009_u008.wav,J26DS313_R0009,J26DS313_R0009_u008,36.64,39.86,3.21,කොහොම හරි හෙට එවන්න තව එක්කෙනෙක්ගෙන් අහන්න ඕනේ සෙල්වීගෙන්
/mnt/F/SLIIT/Research/J26-DS-313-SORA/c1/data/asr_clips/J26DS313_R0011_u001.wav,J26DS313_R0011,J26DS313_R0011_u001,1.02,5.04,4.02,Good morning Lanka Broadband Helpdesk. Netmi speaking. කොහොමද මම උදව් කරන්නේ?
/mnt/F/SLIIT/Research/J26-DS-313-SORA/c1/data/asr_clips/J26DS313_R0011_u002.wav,J26DS313_R0011,J26DS313_R0011_u002,6.0,10.17,4.17,"Hello Netmi. මගේ internet connection එකෙන් ඉඳලා වැඩ කරන්නේ නැහැ. router එක restart කරා, ඒත් signal එක එන්නේ නැහැ."
/mnt/F/SLIIT/Research/J26-DS-313-SORA/c1/data/asr_clips/J26DS313_R0011_u003.wav,J26DS313_R0011,J26DS313_R0011_u003,12.66,17.66,4.98,I apologize for the inconvenience sir. System එකේත් check කරන්න ඕනේ. ඔයාගේ NIC එක කියන්න.
/mnt/F/SLIIT/Research/J26-DS-313-SORA/c1/data/asr_clips/J26DS313_R0011_u004.wav,J26DS313_R0011,J26DS313_R0011_u004,18.42,23.17,4.74,මගේ NIC එක 198512345678. නම Roshan Perera.
/mnt/F/SLIIT/Research/J26-DS-313-SORA/c1/data/asr_clips/J26DS313_R0011_u005.wav,J26DS313_R0011,J26DS313_R0011_u005,28.1,33.12,5.01,"Thank you Roshan. Address එක 10, Number 10, Flower Road, Colombo 7 ද?"
/mnt/F/SLIIT/Research/J26-DS-313-SORA/c1/data/asr_clips/J26DS313_R0011_u006.wav,J26DS313_R0011,J26DS313_R0011_u006,34.04,38.81,4.77,ඔව් ඔව් මේක තමයි. මම ගෙදර ඉඳලා වැඩ කරන්නේ. සෝ මේක ලොකු ප්‍රශ්නයක්. පුළුවන් තරම් ඉක්මනට මේක හදලා දෙන්න.
/mnt/F/SLIIT/Research/J26-DS-313-SORA/c1/data/asr_clips/J26DS313_R0011_u007.wav,J26DS313_R0011,J26DS313_R0011_u007,41.06,47.28,6.21,"හරි sir, මම මේකට technical team එකට connect කරන්නම්. පොඩ්ඩක් line එකේ ඉන්න. Faheema ඔයාට මේ line එක check කරන්න පුළුවන්ද?"
/mnt/F/SLIIT/Research/J26-DS-313-SORA/c1/data/asr_clips/J26DS313_R0011_u008.wav,J26DS313_R0011,J26DS313_R0011_u008,48.04,58.9,10.86,ඔව් Netmi. එන්න ප්‍රශ්න. අ මම දැක්කා Roshan ඔයාගේ area එකේ fiber line එකේ issue එකක් තියෙනවා. අපි back-end එකෙන් reset එකක් යවලා බලමු.
/mnt/F/SLIIT/Research/J26-DS-313-SORA/c1/data/asr_clips/J26DS313_R0011_u009.wav,J26DS313_R0011,J26DS313_R0011_u009,59.68,62.92,3.24,Reset කරලා වැඩක් නැහැ Faheema. මම උදේ ඉඳලා තුන් පාරක් reset කරා.
/mnt/F/SLIIT/Research/J26-DS-313-SORA/c1/data/asr_clips/J26DS313_R0011_u010.wav,J26DS313_R0011,J26DS313_R0011_u010,63.32,69.9,6.57,"ඔයාගේ cable එක කැඩිලා තියෙන්නේ. Faheema, cable damage එකක් නම් අපි physical inspection එකක් කරන්න ඕනේ."
/mnt/F/SLIIT/Research/J26-DS-313-SORA/c1/data/asr_clips/J26DS313_R0011_u011.wav,J26DS313_R0011,J26DS313_R0011_u011,71.14,72.37,1.23,එහෙනම් අද දවසෙන් මට වැඩ කරන්න වෙන්නේ නැද්ද?
/mnt/F/SLIIT/Research/J26-DS-313-SORA/c1/data/asr_clips/J26DS313_R0011_u012.wav,J26DS313_R0011,J26DS313_R0011_u012,74.9,83.98,9.06,අපි try එකක් දාලා බලමු. Roshan ඔයාගේ mobile number එක confirm කරන්නකෝ technical technician එකේදී call එකක් දෙන්න.
/mnt/F/SLIIT/Research/J26-DS-313-SORA/c1/data/asr_clips/J26DS313_R0011_u013.wav,J26DS313_R0011,J26DS313_R0011_u013,85.14,86.27,1.11,නංබර් එක 0712233445.
/mnt/F/SLIIT/Research/J26-DS-313-SORA/c1/data/asr_clips/J26DS313_R0011_u014.wav,J26DS313_R0011,J26DS313_R0011_u014,90.14,93.16,3.0,"හරි sir, අපි හෙට උදේ team එකක් එවන්න බලන්නම් අද බැරි වුණොත්."
/mnt/F/SLIIT/Research/J26-DS-313-SORA/c1/data/asr_clips/J26DS313_R0011_u015.wav,J26DS313_R0011,J26DS313_R0011_u015,93.82,95.0,1.02,හරි හරි ලොකු උදව්වක්. Please update me.
/mnt/F/SLIIT/Research/J26-DS-313-SORA/c1/data/asr_clips/J26DS313_R0011_u016.wav,J26DS313_R0011,J26DS313_R0011_u016,96.16,97.6,1.44,"එසේමයි sir, අපි SMS එකක් යවන්නම්."
/mnt/F/SLIIT/Research/J26-DS-313-SORA/c1/data/asr_clips/J26DS313_R0013_u001.wav,J26DS313_R0013,J26DS313_R0013_u001,0.52,8.0,7.47,Good afternoon. Welcome to Senaratne and Associates. Let's discuss confidential case details about your property agreement dispute.
/mnt/F/SLIIT/Research/J26-DS-313-SORA/c1/data/asr_clips/J26DS313_R0013_u002.wav,J26DS313_R0013,J26DS313_R0013_u002,9.4,15.88,6.48,Good afternoon miss. මගේ business partner agreement එක breach කරලා property එක transfer කරන්න ට්‍රයි කරා. ඒක නිසා තමයි මම ආවේ.
/mnt/F/SLIIT/Research/J26-DS-313-SORA/c1/data/asr_clips/J26DS313_R0013_u003.wav,J26DS313_R0013,J26DS313_R0013_u003,17.0,22.54,5.52,"Miss, මම registry එක and contract documents check කරා. clause 4 අනුව එයාලට ඒක කරන්න විදිහක් නෑ."
/mnt/F/SLIIT/Research/J26-DS-313-SORA/c1/data/asr_clips/J26DS313_R0013_u004.wav,J26DS313_R0013,J26DS313_R0013_u004,24.92,32.48,7.53,"Let me check the file. Mahesh, ඔයාගේ full name එකයි NIC එකයි කියන්නකෝ බලන්න. System එකේ record update කරන්න."
/mnt/F/SLIIT/Research/J26-DS-313-SORA/c1/data/asr_clips/J26DS313_R0013_u005.wav,J26DS313_R0013,J26DS313_R0013_u005,33.06,35.15,2.07,මගේ නම මහේෂ් ගුණවර්ධන. NIC එක 198212345678.
/mnt/F/SLIIT/Research/J26-DS-313-SORA/c1/data/asr_clips/J26DS313_R0013_u006.wav,J26DS313_R0013,J26DS313_R0013_u006,42.0,47.72,5.7,"Address එක update කරන්නද? දැන් system එකේ තියෙන්නේ 45 Duplication Road, Colombo 3 නේද?"
/mnt/F/SLIIT/Research/J26-DS-313-SORA/c1/data/asr_clips/J26DS313_R0013_u007.wav,J26DS313_R0013,J26DS313_R0013_u007,48.5,53.44,4.92,"නෑ miss, ඒක පරණ address එකක්. අලුත් එක number 12 Baseline Road, Borella."
/mnt/F/SLIIT/Research/J26-DS-313-SORA/c1/data/asr_clips/J26DS313_R0013_u008.wav,J26DS313_R0013,J26DS313_R0013_u008,54.14,56.51,2.37,මහේෂ් ඔයාගේ phone number එක 0777123456 නේද?
/mnt/F/SLIIT/Research/J26-DS-313-SORA/c1/data/asr_clips/J26DS313_R0013_u009.wav,J26DS313_R0013,J26DS313_R0013_u009,60.0,62.68,2.67,"ඔව්, ඒක තමයි number එක. NDA එක ඉක්මනට send කරන්න පුළුවන්ද?"
/mnt/F/SLIIT/Research/J26-DS-313-SORA/c1/data/asr_clips/J26DS313_R0013_u010.wav,J26DS313_R0013,J26DS313_R0013_u010,64.04,72.0,7.95,සරි පුරියම්. We will find an injunction order immediately to protect our rights under this.
/mnt/F/SLIIT/Research/J26-DS-313-SORA/c1/data/asr_clips/J26DS313_R0013_u011.wav,J26DS313_R0013,J26DS313_R0013_u011,73.56,76.2,2.64,Miss court එකට යන්න කලින් notice එක send කරමුද?
/mnt/F/SLIIT/Research/J26-DS-313-SORA/c1/data/asr_clips/J26DS313_R0013_u012.wav,J26DS313_R0013,J26DS313_R0013_u012,77.6,82.48,4.86,"ඔව්, first formal notice එක send කරමු. Mahesh, ඔයාට හෙට office එකට එන්න පුළුවන්ද sign කරන්න?"
/mnt/F/SLIIT/Research/J26-DS-313-SORA/c1/data/asr_clips/J26DS313_R0013_u013.wav,J26DS313_R0013,J26DS313_R0013_u013,82.52,83.93,1.41,"හරි miss, මම හෙට උදේ එන්නම්."
/mnt/F/SLIIT/Research/J26-DS-313-SORA/c1/data/asr_clips/J26DS313_R0013_u014.wav,J26DS313_R0013,J26DS313_R0013_u014,87.58,93.5,5.91,"Great. Anita, මම හෙට උදේම draft එක email කරන්නම්. ඔයා court documentation එක check කරලා finish කරන්න."
/mnt/F/SLIIT/Research/J26-DS-313-SORA/c1/data/asr_clips/J26DS313_R0015_u001.wav,J26DS313_R0015,J26DS313_R0015_u001,0.68,5.08,4.38,"ආයුබෝවන්, Golden Travelers එකට welcome. How can I help you today?"
/mnt/F/SLIIT/Research/J26-DS-313-SORA/c1/data/asr_clips/J26DS313_R0015_u002.wav,J26DS313_R0015,J26DS313_R0015_u002,5.5,9.76,4.26,අපි honeymoon package එකක් බලන්න ආවේ. Next month Singapore යන්න කියලා හිතාගෙන ඉන්නේ.
/mnt/F/SLIIT/Research/J26-DS-313-SORA/c1/data/asr_clips/J26DS313_R0015_u003.wav,J26DS313_R0015,J26DS313_R0015_u003,10.6,15.72,5.07,Congratulations. Singapore package ගොඩක් තියෙනවා. ඔයාලගේ budget එක කොහොමද බැලුවේ?
/mnt/F/SLIIT/Research/J26-DS-313-SORA/c1/data/asr_clips/J26DS313_R0015_u004.wav,J26DS313_R0015,J26DS313_R0015_u004,16.84,22.62,5.76,"අපි 500,000 වගේ බැලුවේ. Hotel එක city එකේම තියෙන්න ඕනේ shopping යන්න ලේසි වෙන්න."
/mnt/F/SLIIT/Research/J26-DS-313-SORA/c1/data/asr_clips/J26DS313_R0015_u005.wav,J26DS313_R0015,J26DS313_R0015_u005,23.3,33.6,10.29,"හරි, මම options තුනක් පෙන්නන්නම්. Before that, passport වල validity එක check කරන්න ඕනේ. ඔයාලගේ names ටික කියන්න බලන්න passport numbersුත් එක්ක?"
/mnt/F/SLIIT/Research/J26-DS-313-SORA/c1/data/asr_clips/J26DS313_R0015_u006.wav,J26DS313_R0015,J26DS313_R0015_u006,34.9,41.08,6.18,මම අසංක පෙරේරා. Passport number එක N අනූ අටයි හැත්තෑ හයයි පන්සිය හතළිස් තුන.
/mnt/F/SLIIT/Research/J26-DS-313-SORA/c1/data/asr_clips/J26DS313_R0015_u007.wav,J26DS313_R0015,J26DS313_R0015_u007,41.76,46.16,4.38,මම දිලිනි ප්‍රනාන්දු. මගේ passport එක N එකසිය විසි තුනයි හාරසිය පනස් හයයි හත.
/mnt/F/SLIIT/Research/J26-DS-313-SORA/c1/data/asr_clips/J26DS313_R0015_u008.wav,J26DS313_R0015,J26DS313_R0015_u008,48.78,54.46,5.67,"දිලිනි, ඔයාගේ passport එක නම් next month expire වෙනවා නේද? System එකේ warning එකක් එනවනේ."
/mnt/F/SLIIT/Research/J26-DS-313-SORA/c1/data/asr_clips/J26DS313_R0015_u009.wav,J26DS313_R0015,J26DS313_R0015_u009,55.26,57.11,1.83,අයියෝ සිරාවට? මම බැලුවේ නෑනේ expire date එක.
/mnt/F/SLIIT/Research/J26-DS-313-SORA/c1/data/asr_clips/J26DS313_R0015_u010.wav,J26DS313_R0015,J26DS313_R0015_u010,58.76,62.24,3.48,මම කිව්වා නේද check කරන්න කියලා? දැන් visa එකට apply කරන්න බෑනේ මෙහෙම.
/mnt/F/SLIIT/Research/J26-DS-313-SORA/c1/data/asr_clips/J26DS313_R0015_u011.wav,J26DS313_R0015,J26DS313_R0015_u011,62.64,64.29,1.65,Urgently ඒක renew කරන්නම්.
/mnt/F/SLIIT/Research/J26-DS-313-SORA/c1/data/asr_clips/J26DS313_R0015_u012.wav,J26DS313_R0015,J26DS313_R0015_u012,65.88,71.52,5.64,"බය වෙන්න එපා, බය වෙන්න එපා. One-day service තියෙනවනේ. ඉදු ඔරුව පෙරිය ප්‍රචන ඉල්ලයි. Oh, my bad."
/mnt/F/SLIIT/Research/J26-DS-313-SORA/c1/data/asr_clips/J26DS313_R0015_u013.wav,J26DS313_R0015,J26DS313_R0015_u013,73.82,76.78,2.94,"හරි, ඒක කරමු. Packages වල details මොනවද?"
/mnt/F/SLIIT/Research/J26-DS-313-SORA/c1/data/asr_clips/J26DS313_R0015_u014.wav,J26DS313_R0015,J26DS313_R0015_u014,77.76,85.11,7.35,Package A එක තියෙනවා Marina Bay ළඟම. But ඒක 6 lakhs වෙනවා.
/mnt/F/SLIIT/Research/J26-DS-313-SORA/c1/data/asr_clips/J26DS313_R0015_u016.wav,J26DS313_R0015,J26DS313_R0015_u016,91.44,94.86,3.42,"ඔව්, budget එකට වැඩියි. අපි Package B බලමුද?"
/mnt/F/SLIIT/Research/J26-DS-313-SORA/c1/data/asr_clips/J26DS313_R0015_u017.wav,J26DS313_R0015,J26DS313_R0015_u017,95.78,102.58,6.78,"Package B 450,000 වලට යන්නේ. ඒකේ Sentosa tour එකත් include වෙලා තියෙනවා."
/mnt/F/SLIIT/Research/J26-DS-313-SORA/c1/data/asr_clips/J26DS313_R0015_u018.wav,J26DS313_R0015,J26DS313_R0015_u018,105.54,106.79,1.23,"ඒක හොඳයි, අපි ඒක book කරමු."
/mnt/F/SLIIT/Research/J26-DS-313-SORA/c1/data/asr_clips/J26DS313_R0015_u019.wav,J26DS313_R0015,J26DS313_R0015_u019,108.12,111.46,3.33,Booking එක confirm කරන්න contact details ඕනේ. Address එක මොකක්ද?
/mnt/F/SLIIT/Research/J26-DS-313-SORA/c1/data/asr_clips/J26DS313_R0015_u020.wav,J26DS313_R0015,J26DS313_R0015_u020,113.12,114.91,1.77,"Number අසූ අට, Galle Road, දෙහිවල."
/mnt/F/SLIIT/Research/J26-DS-313-SORA/c1/data/asr_clips/J26DS313_R0015_u022.wav,J26DS313_R0015,J26DS313_R0015_u022,117.88,121.01,3.12,මගේ එක ලියාගන්න. බිංදුවයි හතයි හතයි පන්සිය පනස් පහයි හතළිස් හතරයි තිස් තුන.
/mnt/F/SLIIT/Research/J26-DS-313-SORA/c1/data/asr_clips/J26DS313_R0015_u023.wav,J26DS313_R0015,J26DS313_R0015_u023,123.84,135.98,12.12,"Perfect. Reservation එක hold කරන්න 50,000 විතර advance එකක් ගෙවන්න ඕනේ. පොඩ්ඩක් ඉන්න බලන්න. අද හරි හෙට හරි pay කරන්නකෝ."
/mnt/F/SLIIT/Research/J26-DS-313-SORA/c1/data/asr_clips/J26DS313_R0015_u024.wav,J26DS313_R0015,J26DS313_R0015_u024,139.24,142.07,2.82,"හරි, අපි හෙට උදේ advance එක transfer කරන්නම් account එකට."
/mnt/F/SLIIT/Research/J26-DS-313-SORA/c1/data/asr_clips/J26DS313_R0015_u025.wav,J26DS313_R0015,J26DS313_R0015_u025,143.4,148.72,5.31,"Great. දිලිනි, passport එක අලුත් කරලා copy එකක් WhatsApp කරන්න."
/mnt/F/SLIIT/Research/J26-DS-313-SORA/c1/data/asr_clips/J26DS313_R0016_u001.wav,J26DS313_R0016,J26DS313_R0016_u001,1.52,6.38,4.86,Welcome to the Student Affairs Office. Registration එක complete කරන්න documentation check කරමු.
/mnt/F/SLIIT/Research/J26-DS-313-SORA/c1/data/asr_clips/J26DS313_R0016_u002.wav,J26DS313_R0016,J26DS313_R0016_u002,7.06,15.78,8.7,Good morning sir. මම ඔෆර් ලෙටර් එක ගත්තා last week IT degree එකට. හැබැයි මගේ final exam වල වැඩ ගොඩක් තියෙනවා මේ දවස්වල. ඒක හින්දා අද මේක ඉවර කරගන්න.
/mnt/F/SLIIT/Research/J26-DS-313-SORA/c1/data/asr_clips/J26DS313_R0016_u003.wav,J26DS313_R0016,J26DS313_R0016_u003,17.14,20.0,2.85,ඒක හොඳයි. Full name එකයි NIC එකයි system එකෙන් verify කරමු.
/mnt/F/SLIIT/Research/J26-DS-313-SORA/c1/data/asr_clips/J26DS313_R0016_u004.wav,J26DS313_R0016,J26DS313_R0016_u004,20.6,22.49,1.89,මගේ නම පසින්දි සිල්වා. NIC එක 200311223344.
/mnt/F/SLIIT/Research/J26-DS-313-SORA/c1/data/asr_clips/J26DS313_R0016_u005.wav,J26DS313_R0016,J26DS313_R0016_u005,27.28,32.6,5.31,Sir අපි first sem එකේ fee එක ගෙව්වා. Receipt එක මේ තියෙන්නේ. තව documents මොනවාද ඕනේ?
/mnt/F/SLIIT/Research/J26-DS-313-SORA/c1/data/asr_clips/J26DS313_R0016_u006.wav,J26DS313_R0016,J26DS313_R0016_u006,33.68,36.74,3.06,"Mm, let me check. පසින්දිගේ date of birth එක confirm කරන්න."
/mnt/F/SLIIT/Research/J26-DS-313-SORA/c1/data/asr_clips/J26DS313_R0016_u008.wav,J26DS313_R0016,J26DS313_R0016_u008,40.34,44.13,3.78,"Address එක update කරන්න ඕනේ නැද්ද? දැන් system එකේ තියෙන්නේ අංක 25, කඩවෙල රෝඩ්, මාලබේ."
/mnt/F/SLIIT/Research/J26-DS-313-SORA/c1/data/asr_clips/J26DS313_R0016_u009.wav,J26DS313_R0016,J26DS313_R0016_u009,46.22,49.24,3.0,"නෑ sir, අපි මේ ළඟදී මාරු වුණා. දැන් ඉන්නේ නුගේ-- ආ හරි ඔයා කියන්න."
/mnt/F/SLIIT/Research/J26-DS-313-SORA/c1/data/asr_clips/J26DS313_R0016_u010.wav,J26DS313_R0016,J26DS313_R0016_u010,49.3,52.45,3.15,"අලුත් එක නම්බර් 10, ස්ටැන්ලි තිලකරත්න මාවත, නුගේගොඩ."
/mnt/F/SLIIT/Research/J26-DS-313-SORA/c1/data/asr_clips/J26DS313_R0016_u011.wav,J26DS313_R0016,J26DS313_R0016_u011,55.41,57.1,1.68,Noted. ඔයාලගේ contact number එකක් දෙනවද emergency වලට?
/mnt/F/SLIIT/Research/J26-DS-313-SORA/c1/data/asr_clips/J26DS313_R0016_u012.wav,J26DS313_R0016,J26DS313_R0016_u012,57.14,60.61,3.45,මගේ නම්බර් එක ගන්න. 0714455667. මම නිමාලි සිල්වා.
/mnt/F/SLIIT/Research/J26-DS-313-SORA/c1/data/asr_clips/J26DS313_R0016_u013.wav,J26DS313_R0016,J26DS313_R0016_u013,66.22,76.7,10.47,"පසින්දි, ඔයාගේ specialization එක Software Engineering නේද? Module registration එක හෙට වෙනකන් open තියෙනවා. Tamil language එක optional module එකක් විදියට ගන්නවද?"
/mnt/F/SLIIT/Research/J26-DS-313-SORA/c1/data/asr_clips/J26DS313_R0016_u014.wav,J26DS313_R0016,J26DS313_R0016_u014,78.02,80.13,2.1,sari sari. මම try එකක් try කරන්නම් sir ඒකට.
/mnt/F/SLIIT/Research/J26-DS-313-SORA/c1/data/asr_clips/J26DS313_R0016_u015.wav,J26DS313_R0016,J26DS313_R0016_u015,82.5,86.06,3.51,"හරි, එහෙනම් ඒක add කරමු. කෝ medical certificate එක?"
/mnt/F/SLIIT/Research/J26-DS-313-SORA/c1/data/asr_clips/J26DS313_R0016_u016.wav,J26DS313_R0016,J26DS313_R0016_u016,87.1,90.39,3.27,"අප්පා, අපි ඒක ගෙදර අමතක වෙලා දාලා ඇවිත්නේ. අද දෙන්නම ඕනෙද?"
/mnt/F/SLIIT/Research/J26-DS-313-SORA/c1/data/asr_clips/J26DS313_R0016_u017.wav,J26DS313_R0016,J26DS313_R0016_u017,92.42,96.84,4.41,"ඔව්, medical එක නැතුව ID card එක print කරන්න බෑ system එකෙන්. ඒක mandatory."
/mnt/F/SLIIT/Research/J26-DS-313-SORA/c1/data/asr_clips/J26DS313_R0016_u018.wav,J26DS313_R0016,J26DS313_R0016_u018,98.1,100.27,2.16,I'm sorry sir. මම හෙට උදෙන්ම medical එක ගෙනැත් දෙන්නම්.
/mnt/F/SLIIT/Research/J26-DS-313-SORA/c1/data/asr_clips/J26DS313_R0016_u019.wav,J26DS313_R0016,J26DS313_R0016_u019,101.8,109.81,8.01,ඒක ගෙනාවම process එක finish කරමු. මම file එක pending තියන්නම්. හෙට උදේ මගේ assistant කවින්දිට මේක hand over කරන්නම්.
/mnt/F/SLIIT/Research/J26-DS-313-SORA/c1/data/asr_clips/J26DS313_R0017_u001.wav,J26DS313_R0017,J26DS313_R0017_u001,0.16,6.62,6.45,"Good morning Ceylon Electricity Board Kaduwela office eken, mama Chaminda. Oyata connection ekak oneda?"
/mnt/F/SLIIT/Research/J26-DS-313-SORA/c1/data/asr_clips/J26DS313_R0017_u002.wav,J26DS313_R0017,J26DS313_R0017_u002,8.56,13.08,4.5,"Ow, good morning. Mage aluth gedara thiyenawa electricity connection ekakata apply karaganna thamai awe."
/mnt/F/SLIIT/Research/J26-DS-313-SORA/c1/data/asr_clips/J26DS313_R0017_u003.wav,J26DS313_R0017,J26DS313_R0017_u003,13.5,15.8,2.28,"A hari, oyage sampurna nama kiyannako."
/mnt/F/SLIIT/Research/J26-DS-313-SORA/c1/data/asr_clips/J26DS313_R0017_u005.wav,J26DS313_R0017,J26DS313_R0017_u005,18.3,21.76,3.45,A Ruchira R U C H I R A nedda?
/mnt/F/SLIIT/Research/J26-DS-313-SORA/c1/data/asr_clips/J26DS313_R0017_u007.wav,J26DS313_R0017,J26DS313_R0017_u007,23.08,24.3,1.2,NIC number eka?
/mnt/F/SLIIT/Research/J26-DS-313-SORA/c1/data/asr_clips/J26DS313_R0017_u009.wav,J26DS313_R0017,J26DS313_R0017_u009,30.84,33.46,2.61,"Hari, poddak inna. Date of birth ekath kiyannako e gammama."
/mnt/F/SLIIT/Research/J26-DS-313-SORA/c1/data/asr_clips/J26DS313_R0017_u010.wav,J26DS313_R0017,J26DS313_R0017_u010,33.78,34.95,1.17,1998 December 8 weni.
/mnt/F/SLIIT/Research/J26-DS-313-SORA/c1/data/asr_clips/J26DS313_R0017_u011.wav,J26DS313_R0017,J26DS313_R0017_u011,36.64,40.22,3.57,Property address ekak mokakda? E kiyanne connection eka thiyena property address eka one.
/mnt/F/SLIIT/Research/J26-DS-313-SORA/c1/data/asr_clips/J26DS313_R0017_u012.wav,J26DS313_R0017,J26DS313_R0017_u012,41.14,43.44,2.28,"Nombara 89, Aluth Nuwara Para, Kaduwela."
/mnt/F/SLIIT/Research/J26-DS-313-SORA/c1/data/asr_clips/J26DS313_R0017_u015.wav,J26DS313_R0017,J26DS313_R0017_u015,50.0,51.34,1.32,Property deed number eka?
/mnt/F/SLIIT/Research/J26-DS-313-SORA/c1/data/asr_clips/J26DS313_R0017_u016.wav,J26DS313_R0017,J26DS313_R0017_u016,51.78,56.59,4.8,"Poddak inna, mama balala kiyannam. PD2023KW004521"
/mnt/F/SLIIT/Research/J26-DS-313-SORA/c1/data/asr_clips/J26DS313_R0017_u017.wav,J26DS313_R0017,J26DS313_R0017_u017,62.46,65.48,3.0,"Inna, single-phase da three-phase da danne na ne?"
/mnt/F/SLIIT/Research/J26-DS-313-SORA/c1/data/asr_clips/J26DS313_R0017_u018.wav,J26DS313_R0017,J26DS313_R0017_u018,65.9,71.14,5.22,"Mama hithanne single-phase eka athi wei, mokada mata gedara use karanna oni nisa."
/mnt/F/SLIIT/Research/J26-DS-313-SORA/c1/data/asr_clips/J26DS313_R0017_u019.wav,J26DS313_R0017,J26DS313_R0017_u019,72.04,73.84,1.8,"Chaminda, technical assessment ekak dennada?"
/mnt/F/SLIIT/Research/J26-DS-313-SORA/c1/data/asr_clips/J26DS313_R0017_u020.wav,J26DS313_R0017,J26DS313_R0017_u020,75.04,79.8,4.74,"Sir, me new connection ekak thiyenne. 89, New Kandy Road, Kaduwela."
/mnt/F/SLIIT/Research/J26-DS-313-SORA/c1/data/asr_clips/J26DS313_R0017_u021.wav,J26DS313_R0017,J26DS313_R0017_u021,82.0,94.14,12.12,"Hari. Ruchira, mama technical officer Mahesh. Mama site visit ekak karanna ona. Nearest transformer eka check karala thiyenna one, karanna one. Chaminda, transformer eke load capacity eka check karada?"
/mnt/F/SLIIT/Research/J26-DS-313-SORA/c1/data/asr_clips/J26DS313_R0017_u022.wav,J26DS313_R0017,J26DS313_R0017_u022,95.5,99.35,3.84,"Sir, me area eke transformer eka 70% vithara load ekak thiyenawa. Space thiyenawa habai sir."
/mnt/F/SLIIT/Research/J26-DS-313-SORA/c1/data/asr_clips/J26DS313_R0017_u023.wav,J26DS313_R0017,J26DS313_R0017_u023,101.5,104.98,3.48,"Good good. Ruchira, site visit eka me week eke Friday possible da?"
/mnt/F/SLIIT/Research/J26-DS-313-SORA/c1/data/asr_clips/J26DS313_R0017_u024.wav,J26DS313_R0017,J26DS313_R0017_u024,105.24,108.18,2.94,Friday mama gedara innang. Morning da afternoon da danne na ne?
/mnt/F/SLIIT/Research/J26-DS-313-SORA/c1/data/asr_clips/J26DS313_R0017_u025.wav,J26DS313_R0017,J26DS313_R0017_u025,109.0,111.2,2.19,Morning 10:00 to 12:00 athara wage.
/mnt/F/SLIIT/Research/J26-DS-313-SORA/c1/data/asr_clips/J26DS313_R0017_u026.wav,J26DS313_R0017,J26DS313_R0017_u026,112.02,119.96,7.92,"Hari, site visit ekat passe connection approval letter eka yawannam. Meter number eka assign wenawa CEB/KW/2024/008834. Note karaganna."
/mnt/F/SLIIT/Research/J26-DS-313-SORA/c1/data/asr_clips/J26DS313_R0017_u027.wav,J26DS313_R0017,J26DS313_R0017_u027,121.02,122.34,1.32,Ow. CEB/KW/2024/008834.
/mnt/F/SLIIT/Research/J26-DS-313-SORA/c1/data/asr_clips/J26DS313_R0017_u028.wav,J26DS313_R0017,J26DS313_R0017_u028,129.26,131.56,2.28,"Hari. Friday ta hambawemu. Chaminda, file eka process karanna."
/mnt/F/SLIIT/Research/J26-DS-313-SORA/c1/data/asr_clips/J26DS313_R0017_u029.wav,J26DS313_R0017,J26DS313_R0017_u029,132.86,134.52,1.65,"Ruchira, application fee eka 2500 nedda?"
/mnt/F/SLIIT/Research/J26-DS-313-SORA/c1/data/asr_clips/J26DS313_R0017_u030.wav,J26DS313_R0017,J26DS313_R0017_u030,135.5,137.44,1.89,"Ow ow, 2500i. Hari hari, thank you. Okay."
/mnt/F/SLIIT/Research/J26-DS-313-SORA/c1/data/asr_clips/J26DS313_R0018_u001.wav,J26DS313_R0018,J26DS313_R0018_u001,1.88,6.1,4.2,"Good morning, MAS Holdings HR Division, mama Dilini. How can I help you?"
/mnt/F/SLIIT/Research/J26-DS-313-SORA/c1/data/asr_clips/J26DS313_R0018_u002.wav,J26DS313_R0018,J26DS313_R0018_u002,6.68,15.02,8.34,"Good morning. Mama last week eke interview ekakata attend una Software Engineering position ekakata. Result eka kohomada danne na ne, ekayi mama call kare."
/mnt/F/SLIIT/Research/J26-DS-313-SORA/c1/data/asr_clips/J26DS313_R0018_u003.wav,J26DS313_R0018,J26DS313_R0018_u003,15.6,17.28,1.68,"Ah sure, full name eka kiyanna puluwanda?"
/mnt/F/SLIIT/Research/J26-DS-313-SORA/c1/data/asr_clips/J26DS313_R0018_u004.wav,J26DS313_R0018,J26DS313_R0018_u004,18.14,22.08,3.93,Hasitha Gunasekara. Ow.
/mnt/F/SLIIT/Research/J26-DS-313-SORA/c1/data/asr_clips/J26DS313_R0018_u005.wav,J26DS313_R0018,J26DS313_R0018_u005,23.01,24.1,1.08,Mm NIC number eka?
/mnt/F/SLIIT/Research/J26-DS-313-SORA/c1/data/asr_clips/J26DS313_R0018_u006.wav,J26DS313_R0018,J26DS313_R0018_u006,25.32,29.21,3.87,NIC eka 1994... poddak inna. 199456712034.
/mnt/F/SLIIT/Research/J26-DS-313-SORA/c1/data/asr_clips/J26DS313_R0018_u007.wav,J26DS313_R0018,J26DS313_R0018_u007,38.86,40.04,1.17,Uh date of birth?
/mnt/F/SLIIT/Research/J26-DS-313-SORA/c1/data/asr_clips/J26DS313_R0018_u008.wav,J26DS313_R0018,J26DS313_R0018_u008,40.7,41.83,1.11,"September 21st, 1994."
/mnt/F/SLIIT/Research/J26-DS-313-SORA/c1/data/asr_clips/J26DS313_R0018_u009.wav,J26DS313_R0018,J26DS313_R0018_u009,44.0,46.04,2.04,Uh contact number eka confirm කරන්න puluwanda?
/mnt/F/SLIIT/Research/J26-DS-313-SORA/c1/data/asr_clips/J26DS313_R0018_u010.wav,J26DS313_R0018,J26DS313_R0018_u010,46.7,49.39,2.67,Ow. 0762890355.
/mnt/F/SLIIT/Research/J26-DS-313-SORA/c1/data/asr_clips/J26DS313_R0018_u011.wav,J26DS313_R0018,J26DS313_R0018_u011,54.32,58.76,4.44,Uh poddak inna. Interview panel result processing eke thamayi thiyenne.
/mnt/F/SLIIT/Research/J26-DS-313-SORA/c1/data/asr_clips/J26DS313_R0018_u012.wav,J26DS313_R0018,J26DS313_R0018_u012,59.74,61.86,2.1,"Sure, no problem. Dilini..."
/mnt/F/SLIIT/Research/J26-DS-313-SORA/c1/data/asr_clips/J26DS313_R0018_u013.wav,J26DS313_R0018,J26DS313_R0018_u013,64.28,65.43,1.14,"Dilini, Hasitha Gunasekara da?"
/mnt/F/SLIIT/Research/J26-DS-313-SORA/c1/data/asr_clips/J26DS313_R0018_u014.wav,J26DS313_R0018,J26DS313_R0018_u014,72.48,76.28,3.78,"Mm hari, mama direct... directly kiyannada?"
/mnt/F/SLIIT/Research/J26-DS-313-SORA/c1/data/asr_clips/J26DS313_R0018_u016.wav,J26DS313_R0018,J26DS313_R0018_u016,79.2,87.47,8.25,"Hasitha, good morning. Mama IT Department eke Head, Ranjith. Congratulations, you have been selected to the Software Engineer position."
/mnt/F/SLIIT/Research/J26-DS-313-SORA/c1/data/asr_clips/J26DS313_R0018_u017.wav,J26DS313_R0018,J26DS313_R0018_u017,90.78,94.18,3.39,"Really? Thank you so much, sir. Thank you."
/mnt/F/SLIIT/Research/J26-DS-313-SORA/c1/data/asr_clips/J26DS313_R0018_u018.wav,J26DS313_R0018,J26DS313_R0018_u018,95.26,104.75,9.48,"So, joining date eka November first week wage thamayi yanne. Uh basic salary eka 1,40,000 wage wenne. Uh employee ID eka thama MASIT2024/0892. Onboarding walata use කරන්න."
/mnt/F/SLIIT/Research/J26-DS-313-SORA/c1/data/asr_clips/J26DS313_R0018_u019.wav,J26DS313_R0018,J26DS313_R0018_u019,108.2,110.98,2.76,"Hari sir, hari sir. November 1st, perfect sir."
/mnt/F/SLIIT/Research/J26-DS-313-SORA/c1/data/asr_clips/J26DS313_R0018_u020.wav,J26DS313_R0018,J26DS313_R0018_u020,111.52,113.93,2.4,Offer... offer letter eka email එකට uh send කරන්නම්. Email address eka kiyannako.
/mnt/F/SLIIT/Research/J26-DS-313-SORA/c1/data/asr_clips/J26DS313_R0018_u021.wav,J26DS313_R0018,J26DS313_R0018_u021,115.2,118.37,3.15,"Email eka sir, hasitha.94@gmail.com."
/mnt/F/SLIIT/Research/J26-DS-313-SORA/c1/data/asr_clips/J26DS313_R0018_u022.wav,J26DS313_R0018,J26DS313_R0018_u022,120.24,122.92,2.67,"Hari, Dilini offer letter eka draft කරන්න."
/mnt/F/SLIIT/Research/J26-DS-313-SORA/c1/data/asr_clips/J26DS313_R0018_u023.wav,J26DS313_R0018,J26DS313_R0018_u023,123.22,126.0,2.76,Address eka records වලට ගන්න.
/mnt/F/SLIIT/Research/J26-DS-313-SORA/c1/data/asr_clips/J26DS313_R0018_u024.wav,J26DS313_R0018,J26DS313_R0018_u024,126.26,130.68,4.41,"Uh sir, me address eka, No. 33, Duminegegama Street, Kesbewa."
/mnt/F/SLIIT/Research/J26-DS-313-SORA/c1/data/asr_clips/J26DS313_R0018_u026.wav,J26DS313_R0018,J26DS313_R0018_u026,133.3,136.97,3.66,"Dilini ta call කරන්න. 0112345678 extension 45, uh anything you need."
/mnt/F/SLIIT/Research/J26-DS-313-SORA/c1/data/asr_clips/J26DS313_R0018_u027.wav,J26DS313_R0018,J26DS313_R0018_u027,139.28,143.48,4.2,"Uh no, no, no madam, no madam. I'm so grateful. Thank you, thank you madam, thank you sir."
/mnt/F/SLIIT/Research/J26-DS-313-SORA/c1/data/asr_clips/J26DS313_R0018_u028.wav,J26DS313_R0018,J26DS313_R0018_u028,144.26,146.86,2.58,"Uh Dilini, mata address eka poddak oyayi kiyannako ayeth."
/mnt/F/SLIIT/Research/J26-DS-313-SORA/c1/data/asr_clips/J26DS313_R0018_u029.wav,J26DS313_R0018,J26DS313_R0018_u029,147.2,149.42,2.22,"Ah sir, me, mama eka note down කරගත්තා."
/mnt/F/SLIIT/Research/J26-DS-313-SORA/c1/data/asr_clips/J26DS313_R0018_u030.wav,J26DS313_R0018,J26DS313_R0018_u030,150.86,156.0,5.13,"Ah okay, okay. Thank you. Okay, okay, thank you."
/mnt/F/SLIIT/Research/J26-DS-313-SORA/c1/data/asr_clips/J26DS313_R0021_u001.wav,J26DS313_R0021,J26DS313_R0021_u001,0.44,6.36,5.91,Good afternoon Serendib Travels. මම නදීශා. කොහොමද ඔයාට මොන රටටද visa apply කරගන්න ඕනෙ?
/mnt/F/SLIIT/Research/J26-DS-313-SORA/c1/data/asr_clips/J26DS313_R0021_u002.wav,J26DS313_R0021,J26DS313_R0021_u002,8.4,15.86,7.44,"ඔව්, Good afternoon. මම Australia tourist visa එකක් apply කරන්න බැලුවේ. Next March යන්න තමයි plan කරන් ඉන්නේ."
/mnt/F/SLIIT/Research/J26-DS-313-SORA/c1/data/asr_clips/J26DS313_R0021_u003.wav,J26DS313_R0021,J26DS313_R0021_u003,16.42,20.16,3.72,Sure. Passport එකේ තියෙන විදියට full name එක කියන්න පුළුවන්ද?
/mnt/F/SLIIT/Research/J26-DS-313-SORA/c1/data/asr_clips/J26DS313_R0021_u004.wav,J26DS313_R0021,J26DS313_R0021_u004,20.68,22.35,1.65,දිනූෂා රාජපක්ෂ. D I N U S H A.
/mnt/F/SLIIT/Research/J26-DS-313-SORA/c1/data/asr_clips/J26DS313_R0021_u005.wav,J26DS313_R0021,J26DS313_R0021_u005,27.9,29.26,1.35,මැඩම් passport number එක?
/mnt/F/SLIIT/Research/J26-DS-313-SORA/c1/data/asr_clips/J26DS313_R0021_u006.wav,J26DS313_R0021,J26DS313_R0021_u006,30.12,33.0,2.88,N හතළිස් පහයි විසි එකයි හයසිය හැත්තෑ අට.
/mnt/F/SLIIT/Research/J26-DS-313-SORA/c1/data/asr_clips/J26DS313_R0021_u008.wav,J26DS313_R0021,J26DS313_R0021_u008,36.78,38.15,1.35,June 3rd 1995.
/mnt/F/SLIIT/Research/J26-DS-313-SORA/c1/data/asr_clips/J26DS313_R0021_u009.wav,J26DS313_R0021,J26DS313_R0021_u009,39.94,41.45,1.5,මැඩම් NIC එකත් ඕනෙ.
/mnt/F/SLIIT/Research/J26-DS-313-SORA/c1/data/asr_clips/J26DS313_R0021_u010.wav,J26DS313_R0021,J26DS313_R0021_u010,42.92,47.46,4.53,දහනවයයි අනූපහයි පනස් හයයි තිහයි විසි එකයි හතළිස් පහ.
/mnt/F/SLIIT/Research/J26-DS-313-SORA/c1/data/asr_clips/J26DS313_R0021_u011.wav,J26DS313_R0021,J26DS313_R0021_u011,49.12,51.64,2.52,මැඩම් දැනට ලියාපදිංචි වෙලා තියෙන address එක?
/mnt/F/SLIIT/Research/J26-DS-313-SORA/c1/data/asr_clips/J26DS313_R0021_u012.wav,J26DS313_R0021,J26DS313_R0021_u012,53.14,55.9,2.76,"හැට හතයි, High Level Road, මහරගම."
/mnt/F/SLIIT/Research/J26-DS-313-SORA/c1/data/asr_clips/J26DS313_R0021_u013.wav,J26DS313_R0021,J26DS313_R0021_u013,56.8,58.01,1.2,Contact number එක මැඩම්?
/mnt/F/SLIIT/Research/J26-DS-313-SORA/c1/data/asr_clips/J26DS313_R0021_u014.wav,J26DS313_R0021,J26DS313_R0021_u014,58.94,63.78,4.83,බිංදුවයි හත්සිය හැත්තෑ හතයි දෙසිය තිස් හතරයි අටසිය අනූව.
/mnt/F/SLIIT/Research/J26-DS-313-SORA/c1/data/asr_clips/J26DS313_R0021_u015.wav,J26DS313_R0021,J26DS313_R0021_u015,64.88,66.01,1.11,මැඩම් email address එක?
/mnt/F/SLIIT/Research/J26-DS-313-SORA/c1/data/asr_clips/J26DS313_R0021_u016.wav,J26DS313_R0021,J26DS313_R0021_u016,67.1,69.87,2.76,dinusha.r95@gmail.com.
/mnt/F/SLIIT/Research/J26-DS-313-SORA/c1/data/asr_clips/J26DS313_R0021_u017.wav,J26DS313_R0021,J26DS313_R0021_u017,72.28,75.76,3.48,මැඩම් යන reason එක කියන්න පුළුවන්ද යන්න හිතාගෙන ඉන්න reason එක?
/mnt/F/SLIIT/Research/J26-DS-313-SORA/c1/data/asr_clips/J26DS313_R0021_u018.wav,J26DS313_R0021,J26DS313_R0021_u018,77.46,83.18,5.7,Tourism. මම Sydney and Melbourne තමයි යන්න plan කරන් ඉන්නේ.
/mnt/F/SLIIT/Research/J26-DS-313-SORA/c1/data/asr_clips/J26DS313_R0021_u019.wav,J26DS313_R0021,J26DS313_R0021_u019,85.43,87.0,1.56,"නදීශා, Australia visa එකක්ද?"
/mnt/F/SLIIT/Research/J26-DS-313-SORA/c1/data/asr_clips/J26DS313_R0021_u021.wav,J26DS313_R0021,J26DS313_R0021_u021,89.06,92.94,3.87,මට පොඩ්ඩක් දැනගන්න පුළුවන්ද අලුත් financial requirements change වුණාද කියලා?
/mnt/F/SLIIT/Research/J26-DS-313-SORA/c1/data/asr_clips/J26DS313_R0021_u022.wav,J26DS313_R0021,J26DS313_R0021_u022,93.34,96.82,3.48,මැඩම් දිනූෂා රාජපක්ෂ. මැඩම් trip එකක් යන්න තමයි plan කරන් ඉන්නේ දිනූෂා.
/mnt/F/SLIIT/Research/J26-DS-313-SORA/c1/data/asr_clips/J26DS313_R0021_u023.wav,J26DS313_R0021,J26DS313_R0021_u023,98.18,110.45,12.27,"දිනූෂා, මම senior agent චතුරී. Australia tourist visa වලට දැන් minimum Aussie dollars 5,000 ක bank balance එකක් තියෙන්න ඕනේ. ඒ වගේම month තුනක bank statement තියෙන්නත් ඕනේ."
/mnt/F/SLIIT/Research/J26-DS-313-SORA/c1/data/asr_clips/J26DS313_R0021_u024.wav,J26DS313_R0021,J26DS313_R0021_u024,116.6,126.0,9.39,"අයියෝ ඒ Australian dollars 5,000 ද? ඒක නම් check කරන්න වෙනවා. මගේ bank account එක Hatton National Bank එකේ තියෙන්නේ."
/mnt/F/SLIIT/Research/J26-DS-313-SORA/c1/data/asr_clips/J26DS313_R0021_u025.wav,J26DS313_R0021,J26DS313_R0021_u025,126.88,131.48,4.59,HNB එක හොඳයි. Statement එක online download කරගන්න පුළුවන්. Account number එක මොකක්ද?
/mnt/F/SLIIT/Research/J26-DS-313-SORA/c1/data/asr_clips/J26DS313_R0021_u026.wav,J26DS313_R0021,J26DS313_R0021_u026,132.02,135.95,3.93,බිංදුවයි බිංදුවයි නවයයි හතළිස් පහයි විසි තුනයි හැට හතයි දහය.
/mnt/F/SLIIT/Research/J26-DS-313-SORA/c1/data/asr_clips/J26DS313_R0021_u027.wav,J26DS313_R0021,J26DS313_R0021_u027,138.58,147.26,8.67,හරි මම note කරගත්තා. Processing time එක weeks හයක් හතක් වගේ විතර යද්දි යනවා. ඒ නිසා March trip එකට November මුල apply කරන්න ඕනේ.
/mnt/F/SLIIT/Research/J26-DS-313-SORA/c1/data/asr_clips/J26DS313_R0021_u028.wav,J26DS313_R0021,J26DS313_R0021_u028,150.84,152.63,1.77,"අයියෝ, ඒක ටිකක් late වගේ නේද?"
/mnt/F/SLIIT/Research/J26-DS-313-SORA/c1/data/asr_clips/J26DS313_R0021_u029.wav,J26DS313_R0021,J26DS313_R0021_u029,156.72,165.0,8.28,"නෑ නෑ නෑ, ඒක එහෙම කිසිම late එකක් නෑ. ඔයා November first week එකේ documents ටික submit කරාම March වලට යන්න පුළුවන්. එහෙම කිසිම ප්‍රශ්නයක් වෙන්නේ නෑ."
/mnt/F/SLIIT/Research/J26-DS-313-SORA/c1/data/asr_clips/J26DS313_R0021_u030.wav,J26DS313_R0021,J26DS313_R0021_u030,166.94,176.67,9.72,"හරි නේද? මම application tracking number එක දෙන්නම්. Note කරගන්න. SVT 2024 AU 02 712. දිනූෂා, මොකක් හරි ප්‍රශ්න තියෙනවද?"
/mnt/F/SLIIT/Research/J26-DS-313-SORA/c1/data/asr_clips/J26DS313_R0021_u031.wav,J26DS313_R0021,J26DS313_R0021_u031,181.84,183.91,2.07,"නෑ මිස්, ඔක්කොම clear. Thank you."
/mnt/F/SLIIT/Research/J26-DS-313-SORA/c1/data/asr_clips/J26DS313_R0021_u032.wav,J26DS313_R0021,J26DS313_R0021_u032,186.24,194.79,8.55,නදීශා මම update එකක් දෙන්නම්. ඔයාට මේ number එකට කතා කරන්න පුළුවන් නේද? මේ number එකට කතා කරන්නකො මට ඔයා free වෙලාවක 077 9548 750.
/mnt/F/SLIIT/Research/J26-DS-313-SORA/c1/data/asr_clips/J26DS313_R0021_u033.wav,J26DS313_R0021,J26DS313_R0021_u033,198.5,200.18,1.68,ඔව් correct. Thank you දෙන්නටම.
/mnt/F/SLIIT/Research/J26-DS-313-SORA/c1/data/asr_clips/J26DS313_R0021_u034.wav,J26DS313_R0021,J26DS313_R0021_u034,200.66,203.5,2.82,හරි okay. Thank you for contacting Travels.
/mnt/F/SLIIT/Research/J26-DS-313-SORA/c1/data/asr_clips/J26DS313_R0022_u001.wav,J26DS313_R0022,J26DS313_R0022_u001,0.32,2.92,2.58,Good morning People's Bank Nugegoda branch how can I help you?
/mnt/F/SLIIT/Research/J26-DS-313-SORA/c1/data/asr_clips/J26DS313_R0022_u002.wav,J26DS313_R0022,J26DS313_R0022_u002,4.0,9.31,5.31,Good morning මම personal loan එකක් apply කරන්න ආවේ මම salary account එක මේකේ තියෙනවා මගේ salary account එක
/mnt/F/SLIIT/Research/J26-DS-313-SORA/c1/data/asr_clips/J26DS313_R0022_u003.wav,J26DS313_R0022,J26DS313_R0022_u003,12.04,14.81,2.76,ආ හා මේ account number එක කියන්න පුළුවන්ද 004567891234
/mnt/F/SLIIT/Research/J26-DS-313-SORA/c1/data/asr_clips/J26DS313_R0022_u004.wav,J26DS313_R0022,J26DS313_R0022_u004,20.44,29.0,8.55,හරි මැඩම් full name එකත් ඔය ගමන්ම තාරකා දිසානායක T H A R A K A
/mnt/F/SLIIT/Research/J26-DS-313-SORA/c1/data/asr_clips/J26DS313_R0022_u005.wav,J26DS313_R0022,J26DS313_R0022_u005,30.32,35.35,5.01,NIC එක මැඩම් එකසිය අනමයි බිංදුවයි විසිතුනයි හතලිහයි පහලවයි හැටහත
/mnt/F/SLIIT/Research/J26-DS-313-SORA/c1/data/asr_clips/J26DS313_R0022_u006.wav,J26DS313_R0022,J26DS313_R0022_u006,39.44,42.17,2.73,මැඩම් date of birth එක පෙබරවාරි 18 1999
/mnt/F/SLIIT/Research/J26-DS-313-SORA/c1/data/asr_clips/J26DS313_R0022_u007.wav,J26DS313_R0022,J26DS313_R0022_u007,45.46,50.68,5.22,මැඩම් address එක මැඩම් ලියාපදිංචි වෙලා තියෙන්නේ number 22 temple road නුගේගොඩ
/mnt/F/SLIIT/Research/J26-DS-313-SORA/c1/data/asr_clips/J26DS313_R0022_u008.wav,J26DS313_R0022,J26DS313_R0022_u008,52.2,55.79,3.57,Contact number එක මැඩම් බිංදුවයි හතයි පහයි 612යි 3456
/mnt/F/SLIIT/Research/J26-DS-313-SORA/c1/data/asr_clips/J26DS313_R0022_u009.wav,J26DS313_R0022,J26DS313_R0022_u009,60.56,67.0,6.42,මැඩම් work කරන්නේ කොහේද මම work කරන්නේ dialogue Axiata එකේ මම IT department එකේ software engineer කෙනෙක්
/mnt/F/SLIIT/Research/J26-DS-313-SORA/c1/data/asr_clips/J26DS313_R0022_u010.wav,J26DS313_R0022,J26DS313_R0022_u010,68.14,73.48,5.34,ආ හරි මැඩම් monthly salary එක සාමාන්‍යයෙන් කොහොමද range එක යන්නේ 145000ක් වගේ තමයි
/mnt/F/SLIIT/Research/J26-DS-313-SORA/c1/data/asr_clips/J26DS313_R0022_u011.wav,J26DS313_R0022,J26DS313_R0022_u011,75.18,84.54,9.36,ආ loan amount එකක් තියෙනවද require කරන්න කොහොමද මැඩම් හිතන් ඉන්නේ ඔව් ලක්ෂ පහක එකක් තමයි 36 months repay payment plan එකක් තමයි දාන්න හිතන් ඉන්නේ
/mnt/F/SLIIT/Research/J26-DS-313-SORA/c1/data/asr_clips/J26DS313_R0022_u012.wav,J26DS313_R0022,J26DS313_R0022_u012,87.08,91.98,4.89,හරි පොඩ්ඩක් ඉන්න ඉරේෂා loan application එකක්ද
/mnt/F/SLIIT/Research/J26-DS-313-SORA/c1/data/asr_clips/J26DS313_R0022_u013.wav,J26DS313_R0022,J26DS313_R0022_u013,93.54,100.0,6.45,ඔව් මැඩම් මේ personal loan එකක් මේ තාරකා දිසානායක dialogue එකේ work කරන කෙනෙක්
/mnt/F/SLIIT/Research/J26-DS-313-SORA/c1/data/asr_clips/J26DS313_R0022_u014.wav,J26DS313_R0022,J26DS313_R0022_u014,101.72,105.58,3.84,තාරකා මම bank manager සුජීවා salary slip එකයි employment letter එකයි තියෙනවද
/mnt/F/SLIIT/Research/J26-DS-313-SORA/c1/data/asr_clips/J26DS313_R0022_u015.wav,J26DS313_R0022,J26DS313_R0022_u015,107.12,109.72,2.58,ඔව් සර් ඔව් මැඩම් documents ඔක්කොම මේ තියෙන්නේ
/mnt/F/SLIIT/Research/J26-DS-313-SORA/c1/data/asr_clips/J26DS313_R0022_u016.wav,J26DS313_R0022,J26DS313_R0022_u016,113.4,123.24,9.84,ආ මේ dialogue එකේ හොඳම employee කෙනෙක් ඉරේෂා debt income එක සර් මගේ දැනට වෙන loans මුකුත් නැහැ
/mnt/F/SLIIT/Research/J26-DS-313-SORA/c1/data/asr_clips/J26DS313_R0022_u017.wav,J26DS313_R0022,J26DS313_R0022_u017,126.62,136.94,10.32,හරි හරි ඒක ගොඩක් හොඳයි තාරක මම in principle approval එක දෙන්නම් final approval එක working days පහකින් විතර ගන්න පුළුවන් මෙන්න මේ number එකට call කරන්න පුළුවන් නම්
/mnt/F/SLIIT/Research/J26-DS-313-SORA/c1/data/asr_clips/J26DS313_R0022_u018.wav,J26DS313_R0022,J26DS313_R0022_u018,138.3,139.52,1.2,number එක 075 612 3456
/mnt/F/SLIIT/Research/J26-DS-313-SORA/c1/data/asr_clips/J26DS313_R0022_u019.wav,J26DS313_R0022,J26DS313_R0022_u019,147.06,149.8,2.73,thank you sir reference number එකක් තිබුනොත් හොඳයි
/mnt/F/SLIIT/Research/J26-DS-313-SORA/c1/data/asr_clips/J26DS313_R0022_u020.wav,J26DS313_R0022,J26DS313_R0022_u020,151.3,155.23,3.93,ඔව් application reference එක මේ LN2024NG00445 note කරගත්තා නේද
/mnt/F/SLIIT/Research/J26-DS-313-SORA/c1/data/asr_clips/J26DS313_R0022_u021.wav,J26DS313_R0022,J26DS313_R0022_u021,159.08,168.85,9.75,ආ LN2024NG00445 got it මම personally මේක follow කරන්නම් තාරකා documents වල copy එකක් counter එකට දෙන්න පුළුවන්ද
/mnt/F/SLIIT/Research/J26-DS-313-SORA/c1/data/asr_clips/J26DS313_R0022_u022.wav,J26DS313_R0022,J26DS313_R0022_u022,182.14,186.18,4.02,and madam thank you for choosing People's Bank Thank you godak stuthi
/mnt/F/SLIIT/Research/J26-DS-313-SORA/c1/data/asr_clips/J26DS313_R0024_u001.wav,J26DS313_R0024,J26DS313_R0024_u001,0.58,4.94,4.35,"Good afternoon, Asiri Hospital appointments division, mama Dilhani, kohomadha oputa help karanna puluwan?"
/mnt/F/SLIIT/Research/J26-DS-313-SORA/c1/data/asr_clips/J26DS313_R0024_u002.wav,J26DS313_R0024,J26DS313_R0024_u002,5.1,15.84,10.74,"Owu good morning madam. Mama appointment ekak schedule karaganna call kare, doctor Chamara Perera innawadha? Mata poddak dhanaganna puluwan dha next wednesday wage?"
/mnt/F/SLIIT/Research/J26-DS-313-SORA/c1/data/asr_clips/J26DS313_R0024_u003.wav,J26DS313_R0024,J26DS313_R0024_u003,16.96,18.96,1.98,"Sure, patient name eka kiynna puluwan dha?"
/mnt/F/SLIIT/Research/J26-DS-313-SORA/c1/data/asr_clips/J26DS313_R0024_u004.wav,J26DS313_R0024,J26DS313_R0024_u004,19.74,21.98,2.22,Mama madam Sanduni Vijayasinghe.
/mnt/F/SLIIT/Research/J26-DS-313-SORA/c1/data/asr_clips/J26DS313_R0024_u005.wav,J26DS313_R0024,J26DS313_R0024_u005,24.58,27.87,3.27,NIC eka? NIC eka madam 199845602989.
/mnt/F/SLIIT/Research/J26-DS-313-SORA/c1/data/asr_clips/J26DS313_R0024_u006.wav,J26DS313_R0024,J26DS313_R0024_u006,35.12,38.55,3.42,Date of birth? Mamama 1998 November 14th.
/mnt/F/SLIIT/Research/J26-DS-313-SORA/c1/data/asr_clips/J26DS313_R0024_u007.wav,J26DS313_R0024,J26DS313_R0024_u007,41.16,44.0,2.82,"Hari, confirm una. Patient file number ekak thiyanawadha?"
/mnt/F/SLIIT/Research/J26-DS-313-SORA/c1/data/asr_clips/J26DS313_R0024_u008.wav,J26DS313_R0024,J26DS313_R0024_u008,44.84,50.92,6.06,"Eka mama madam, eka poddak wait karanna puluwandh nam poddak vinadiyak inna, mama poddak inna balla kiyanna."
/mnt/F/SLIIT/Research/J26-DS-313-SORA/c1/data/asr_clips/J26DS313_R0024_u009.wav,J26DS313_R0024,J26DS313_R0024_u009,52.7,55.69,2.97,"Aau, madam thiyenawa. PF00234517."
/mnt/F/SLIIT/Research/J26-DS-313-SORA/c1/data/asr_clips/J26DS313_R0024_u010.wav,J26DS313_R0024,J26DS313_R0024_u010,59.62,62.39,2.76,"Hari hari, contact number eka? 0778901234."
/mnt/F/SLIIT/Research/J26-DS-313-SORA/c1/data/asr_clips/J26DS313_R0024_u011.wav,J26DS313_R0024,J26DS313_R0024_u011,66.88,72.46,5.58,"Okay, mama balannam Wednesday appointment eka thursday ekata shift karannadha, na thursday 3 pm kamak naddha?"
/mnt/F/SLIIT/Research/J26-DS-313-SORA/c1/data/asr_clips/J26DS313_R0024_u012.wav,J26DS313_R0024,J26DS313_R0024_u012,72.72,79.76,7.02,"Ayyo madam thursday eka mama office yanawa, nisa ekai wade. Friday eka availablema naddha?"
/mnt/F/SLIIT/Research/J26-DS-313-SORA/c1/data/asr_clips/J26DS313_R0024_u013.wav,J26DS313_R0024,J26DS313_R0024_u013,80.6,84.92,4.32,"Poddak inna, check karanna. Chamara sir Friday slot ekak thiyanawadha?"
/mnt/F/SLIIT/Research/J26-DS-313-SORA/c1/data/asr_clips/J26DS313_R0024_u014.wav,J26DS313_R0024,J26DS313_R0024_u014,86.8,89.94,3.12,"Friday morning ude 10 ta slot ekak open thiyanawa, Dilhani."
/mnt/F/SLIIT/Research/J26-DS-313-SORA/c1/data/asr_clips/J26DS313_R0024_u015.wav,J26DS313_R0024,J26DS313_R0024_u015,92.44,97.84,5.4,"Hello madam, doctor Chamara ge assistant Yasiru, Sigureadha ude 10 ta hodhaidha?"
/mnt/F/SLIIT/Research/J26-DS-313-SORA/c1/data/asr_clips/J26DS313_R0024_u016.wav,J26DS313_R0024,J26DS313_R0024_u016,100.32,103.0,2.67,"Yes yes sir, Friday 10 ta perfect."
/mnt/F/SLIIT/Research/J26-DS-313-SORA/c1/data/asr_clips/J26DS313_R0024_u017.wav,J26DS313_R0024,J26DS313_R0024_u017,103.5,109.06,5.55,"Okay, address eka confirm karanna nam, number 12, mama file ekata add karannam."
/mnt/F/SLIIT/Research/J26-DS-313-SORA/c1/data/asr_clips/J26DS313_R0024_u018.wav,J26DS313_R0024,J26DS313_R0024_u018,110.24,121.48,11.22,"Ah ha, ayyo mama shift una, me dhan nam okey, e kiyanne address eka mama poddak shift una. Ethakota mage address eka venne number 78, Gold Road, Moratuwa."
/mnt/F/SLIIT/Research/J26-DS-313-SORA/c1/data/asr_clips/J26DS313_R0024_u019.wav,J26DS313_R0024,J26DS313_R0024_u019,122.24,126.06,3.81,"Ah, okay, hari update karannam. Any other changes?"
/mnt/F/SLIIT/Research/J26-DS-313-SORA/c1/data/asr_clips/J26DS313_R0024_u020.wav,J26DS313_R0024,J26DS313_R0024_u020,127.0,128.41,1.41,"Na, na sir, echcharai."
/mnt/F/SLIIT/Research/J26-DS-313-SORA/c1/data/asr_clips/J26DS313_R0024_u021.wav,J26DS313_R0024,J26DS313_R0024_u021,131.12,141.02,9.9,"Okay Sanduni, Friday October 18th, Dr. Chamara Perera confirmation SMS eka 0778901234 ekata yawanwa. Ane thank you so much Dilhani."
/mnt/F/SLIIT/Research/J26-DS-313-SORA/c1/data/asr_clips/J26DS313_R0024_u023.wav,J26DS313_R0024,J26DS313_R0024_u023,145.18,146.98,1.8,"Okay, thank you."
/mnt/F/SLIIT/Research/J26-DS-313-SORA/c1/data/asr_clips/J26DS313_R0024_u024.wav,J26DS313_R0024,J26DS313_R0024_u024,148.6,149.87,1.26,"Have a good day, thank you."
/mnt/F/SLIIT/Research/J26-DS-313-SORA/c1/data/asr_clips/J26DS313_R0026_u001.wav,J26DS313_R0026,J26DS313_R0026_u001,0.66,4.92,4.26,Good morning SLIIT registration counter එකට පිළිගන්නවා. මම කවින්දි. ඔබට කොහොමද help කරන්න පුළුවන්?
/mnt/F/SLIIT/Research/J26-DS-313-SORA/c1/data/asr_clips/J26DS313_R0026_u002.wav,J26DS313_R0026,J26DS313_R0026_u002,6.22,11.76,5.52,ඔව් good morning මැඩම්. මට මේ IT faculty එකට register වෙන්න ඕනේ. කොහොමද දන්නේ නෑනේ register වෙන්නේ?
/mnt/F/SLIIT/Research/J26-DS-313-SORA/c1/data/asr_clips/J26DS313_R0026_u003.wav,J26DS313_R0026,J26DS313_R0026_u003,12.28,14.12,1.83,Sure. First student ගේ full name එක කියන්න පුළුවන්ද?
/mnt/F/SLIIT/Research/J26-DS-313-SORA/c1/data/asr_clips/J26DS313_R0026_u004.wav,J26DS313_R0026,J26DS313_R0026_u004,14.58,16.17,1.59,ඔව් මැඩම් මම මේ නිමාලි බණ්ඩාර.
/mnt/F/SLIIT/Research/J26-DS-313-SORA/c1/data/asr_clips/J26DS313_R0026_u006.wav,J26DS313_R0026,J26DS313_R0026_u006,20.46,27.34,6.87,NIC එක මැඩම් දෙදාස් එකයි බිංදුවයි තුනයි හයසිය හැත්තෑවයි එක එකසිය විසිතුනයි පහ.
/mnt/F/SLIIT/Research/J26-DS-313-SORA/c1/data/asr_clips/J26DS313_R0026_u007.wav,J26DS313_R0026,J26DS313_R0026_u007,30.72,33.44,2.7,Date of birth එක confirm කරන්නම්. August 7th 2001 නේද?
/mnt/F/SLIIT/Research/J26-DS-313-SORA/c1/data/asr_clips/J26DS313_R0026_u010.wav,J26DS313_R0026,J26DS313_R0026_u010,37.4,39.99,2.58,"Address එක මැඩම් number 45, මාලඹේ Road, කඩුවෙල."
/mnt/F/SLIIT/Research/J26-DS-313-SORA/c1/data/asr_clips/J26DS313_R0026_u012.wav,J26DS313_R0026,J26DS313_R0026_u012,43.86,48.84,4.98,Contact number එක බිංදුවයි හතයි එකයි විසිතුනයි හතළිස්පහයි හයයි හතයි අට.
/mnt/F/SLIIT/Research/J26-DS-313-SORA/c1/data/asr_clips/J26DS313_R0026_u013.wav,J26DS313_R0026,J26DS313_R0026_u013,50.35,51.4,1.05,Email address එකක් තියෙනවද?
/mnt/F/SLIIT/Research/J26-DS-313-SORA/c1/data/asr_clips/J26DS313_R0026_u014.wav,J26DS313_R0026,J26DS313_R0026_u014,51.86,57.18,5.31,"ඔව් මැඩම්, nimali.bandara@gmail.com."
/mnt/F/SLIIT/Research/J26-DS-313-SORA/c1/data/asr_clips/J26DS313_R0026_u015.wav,J26DS313_R0026,J26DS313_R0026_u015,59.78,61.15,1.35,කවින්දි system එක update වුණාද?
/mnt/F/SLIIT/Research/J26-DS-313-SORA/c1/data/asr_clips/J26DS313_R0026_u016.wav,J26DS313_R0026,J26DS313_R0026_u016,63.5,66.92,3.42,ඔව් සර් update වෙනවා. මට ඒක check කරන්න දෙන්න. සොරි පොඩ්ඩක් ඉන්න.
/mnt/F/SLIIT/Research/J26-DS-313-SORA/c1/data/asr_clips/J26DS313_R0026_u017.wav,J26DS313_R0026,J26DS313_R0026_u017,68.54,70.57,2.01,Okay okay. IT faculty එක නේද? Which batch?
/mnt/F/SLIIT/Research/J26-DS-313-SORA/c1/data/asr_clips/J26DS313_R0026_u019.wav,J26DS313_R0026,J26DS313_R0026_u019,75.52,85.48,9.96,හරි හරි. කවින්දි එයාට IT 23 batch එකට add කරන්න. Module selection එක බලලා open වෙනවා නම් එයාට කියන්න පුළුවන්ද Friday දෙකට විතර registration portal එකට check කරන්න කියලා?
/mnt/F/SLIIT/Research/J26-DS-313-SORA/c1/data/asr_clips/J26DS313_R0026_u020.wav,J26DS313_R0026,J26DS313_R0026_u020,86.48,88.4,1.92,Friday 2 o'clock ද sir?
/mnt/F/SLIIT/Research/J26-DS-313-SORA/c1/data/asr_clips/J26DS313_R0026_u021.wav,J26DS313_R0026,J26DS313_R0026_u021,89.24,94.72,5.46,ඔව්. ඒක miss වුණොත් Monday අහන්න පුළුවන්. මට call කරන්න කියන්නකෝ මම ප්‍රදීප් extension number 205.
/mnt/F/SLIIT/Research/J26-DS-313-SORA/c1/data/asr_clips/J26DS313_R0026_u022.wav,J26DS313_R0026,J26DS313_R0026_u022,95.58,98.97,3.39,Sure sir. Number එක note කරගන්නම්. Extension 205 නේද sir?
/mnt/F/SLIIT/Research/J26-DS-313-SORA/c1/data/asr_clips/J26DS313_R0026_u024.wav,J26DS313_R0026,J26DS313_R0026_u024,102.36,109.29,6.93,"Okay නිමාලි. Registration process එක done. Student ID එක IT 23 156. ඒක email එකට යවන්නම්, nimali.bandara@gmail.com."
/mnt/F/SLIIT/Research/J26-DS-313-SORA/c1/data/asr_clips/J26DS313_R0026_u025.wav,J26DS313_R0026,J26DS313_R0026_u025,113.88,115.7,1.8,"ඔව් ඔව් ඔව් ඔව් ඔව් මැඩම්, ඒක තමයි."
/mnt/F/SLIIT/Research/J26-DS-313-SORA/c1/data/asr_clips/J26DS313_R0026_u026.wav,J26DS313_R0026,J26DS313_R0026_u026,116.44,122.0,5.55,"ආ හරි. කොහොමහරි problem එකක් ආවොත් counter එකට එන්න, otherwise portal එක check කරන්න. Have a good day."
/mnt/F/SLIIT/Research/J26-DS-313-SORA/c1/data/asr_clips/J26DS313_R0026_u027.wav,J26DS313_R0026,J26DS313_R0026_u027,122.86,124.88,2.01,Thank you so much මැඩම්. Thank you sir.
/mnt/F/SLIIT/Research/J26-DS-313-SORA/c1/data/asr_clips/J26DS313_R0027_u003.wav,J26DS313_R0027,J26DS313_R0027_u003,2.1,3.68,1.56,නැහැ නැහැ. දැන් ඕගොල්ලෝ threshold එක අඩු කරාද SSCL එක?
/mnt/F/SLIIT/Research/J26-DS-313-SORA/c1/data/asr_clips/J26DS313_R0027_u004.wav,J26DS313_R0027,J26DS313_R0027_u004,3.72,7.4,3.66,"නැහැ, ඒක සභාපතිතුමා මෙහෙමයි දැන් SSCL act එක pass වුණේ අප්‍රේල් මාසේ නේ."
/mnt/F/SLIIT/Research/J26-DS-313-SORA/c1/data/asr_clips/J26DS313_R0027_u005.wav,J26DS313_R0027,J26DS313_R0027_u005,7.4,12.03,4.62,එතකොට ඒ act එකේ තියෙනවා පැහැදිලිවම SSCL threshold එක මිලියන හැටේ ඉඳන් මිලියන තිස්සට අඩු වෙනවා කියලා.
/mnt/F/SLIIT/Research/J26-DS-313-SORA/c1/data/asr_clips/J26DS313_R0027_u009.wav,J26DS313_R0027,J26DS313_R0027_u009,16.12,19.14,3.0,එතකොට vat act එකේදී අපි ඒ අර මිලියන හැටේ ඉඳන් තිස්සට ගේන එක අපි අයින් කර ගත්තා.
/mnt/F/SLIIT/Research/J26-DS-313-SORA/c1/data/asr_clips/J26DS313_R0027_u011.wav,J26DS313_R0027,J26DS313_R0027_u011,20.9,23.26,2.34,ඒක තියෙනවා පැහැදිලිව. ඒක act එක දැන් ඒක දැන් ඔය ආයේ පටලා ඇවිල්ලා.
/mnt/F/SLIIT/Research/J26-DS-313-SORA/c1/data/asr_clips/J26DS313_R0027_u013.wav,J26DS313_R0027,J26DS313_R0027_u013,24.32,27.6,3.27,අධ්‍යක්ෂතුමා ඉතින් කියවුණා මේ SSCL එකත් 60 60න්මයි තියෙන්නේ කියලා.
/mnt/F/SLIIT/Research/J26-DS-313-SORA/c1/data/asr_clips/J26DS313_R0027_u018.wav,J26DS313_R0027,J26DS313_R0027_u018,31.5,32.67,1.17,අන්න අම්බුන් නැහැනේ කතාව කෑගැහැව්වා.
/mnt/F/SLIIT/Research/J26-DS-313-SORA/c1/data/asr_clips/J26DS313_R0027_u019.wav,J26DS313_R0027,J26DS313_R0027_u019,33.6,39.36,5.76,ඒක ඕගොල්ලෝ නේ මේ මහ ලොකු වෙන කොකුරියක් දාගත්තානේ. මොහොත වෙලාවට මම mic එකේ හිටියේ නැත්නම් පුතා මොනවා කියනවද කියලා අපිට ඇහැත් තේරෙන්නේ නැහැ.
/mnt/F/SLIIT/Research/J26-DS-313-SORA/c1/data/asr_clips/J26DS313_R0027_u020.wav,J26DS313_R0027,J26DS313_R0027_u020,39.88,43.72,3.84,තා පොඩ්ඩක් ඒක මම පාවිච්චි වෙනවා මොනවා කිව්වද කියලා දාන්නේ නැහැනේ. කොහොම නමුත් දැන් SSCL එක 60යි.
/mnt/F/SLIIT/Research/J26-DS-313-SORA/c1/data/asr_clips/J26DS313_R0027_u022.wav,J26DS313_R0027,J26DS313_R0027_u022,44.82,45.87,1.05,SSCL එක 30යි. VAT එක 60යි.
/mnt/F/SLIIT/Research/J26-DS-313-SORA/c1/data/asr_clips/J26DS313_R0027_u023.wav,J26DS313_R0027,J26DS313_R0027_u023,46.92,47.97,1.05,ඔය දෙකම එකකට එකකට ගෙනල්ලා ඉවරයි නේ.
/mnt/F/SLIIT/Research/J26-DS-313-SORA/c1/data/asr_clips/J26DS313_R0027_u025.wav,J26DS313_R0027,J26DS313_R0027_u025,49.5,50.52,1.02,දැන් බින්දුවට බැස්සා කියලා කිව්වේ.
/mnt/F/SLIIT/Research/J26-DS-313-SORA/c1/data/asr_clips/J26DS313_R0027_u029.wav,J26DS313_R0027,J26DS313_R0027_u029,52.34,53.46,1.11,withholding එකක් බින්දුවට බැස්සා කිව්වා.
/mnt/F/SLIIT/Research/J26-DS-313-SORA/c1/data/asr_clips/J26DS313_R0027_u030.wav,J26DS313_R0027,J26DS313_R0027_u030,53.68,56.48,2.79,ඔබතුමාලත් අර ජාතික ලැයිස්තුවෙන් ඉඳලා එනකොට මුල අමතක වෙලා ඉන්නවා වෙන්න පුළුවන් පාරේ. කිසි අව්ලක් නැහැ.
/mnt/F/SLIIT/Research/J26-DS-313-SORA/c1/data/asr_clips/J26DS313_R0027_u031.wav,J26DS313_R0027,J26DS313_R0027_u031,56.54,60.1,3.54,දැන් සභාපතිතුමා මෙහෙමයි දිගුකාලීනව යනකොට ඇත්තටම SSCL කියන එක වගේ අයින් වෙලා එක tax එකට ටර්න් වෙන එක තමයි.
/mnt/F/SLIIT/Research/J26-DS-313-SORA/c1/data/asr_clips/J26DS313_R0027_u032.wav,J26DS313_R0027,J26DS313_R0027_u032,60.1,61.2,1.08,ඒක ඉතින් අපි ඔබතුමාලා ඉතින් අපි ඒක හැමදාම කියන කතාවක්නේ.
/mnt/F/SLIIT/Research/J26-DS-313-SORA/c1/data/asr_clips/J26DS313_R0027_u033.wav,J26DS313_R0027,J26DS313_R0027_u033,61.26,62.36,1.08,නෑ ඒක එකපාර ගන්න බැහැනේ.
/mnt/F/SLIIT/Research/J26-DS-313-SORA/c1/data/asr_clips/J26DS313_R0027_u034.wav,J26DS313_R0027,J26DS313_R0027_u034,62.44,68.18,5.73,in revenue එක මේ කරන් යන වැඩෙන් අපිට base එක වැඩි කරන් ගියාට පසු tax rate අඩු කරන්න පුළුවන්. ඒක තමයි අපේ අතිම approach එක ඒක තමයි.
/mnt/F/SLIIT/Research/J26-DS-313-SORA/c1/data/asr_clips/J26DS313_R0027_u035.wav,J26DS313_R0027,J26DS313_R0027_u035,68.86,70.9,2.04,නෑ නෑ ඒක හරි ඒක කවුරුත් අපි නැහැ කියන්නේ නැහැ.
/mnt/F/SLIIT/Research/J26-DS-313-SORA/c1/data/asr_clips/J26DS313_R0027_u036.wav,J26DS313_R0027,J26DS313_R0027_u036,71.0,72.58,1.56,SSCL එක හොඳ නැහැ රටට. vat එකේ 18ක් වැඩි.
/mnt/F/SLIIT/Research/J26-DS-313-SORA/c1/data/asr_clips/J26DS313_R0027_u038.wav,J26DS313_R0027,J26DS313_R0027_u038,73.8,81.28,7.47,නැහැ මෙහෙමයි මම කියන්නේ දැන් SSCL එක දැන් අපි කතා කරේ ඔබතුමාලා ඉඳලා හිටලනේ එන්නේ අපේ කමිටුවට IRD එක. අපි treasury එකත් එක්ක කතා කරන් කෙරෙන එකේ එළහරකයි මී හරකයි වගේනේ දැකන්නේ.
/mnt/F/SLIIT/Research/J26-DS-313-SORA/c1/data/asr_clips/J26DS313_R0027_u039.wav,J26DS313_R0027,J26DS313_R0027_u039,81.44,84.66,3.21,අනික මේක mix වෙන්නෙත් නැහැ නේ SSCL එක හදන්නේ එක විදිහකට VAT එක හදන්නේ තව විදිහකට.
/mnt/F/SLIIT/Research/J26-DS-313-SORA/c1/data/asr_clips/J26DS313_R0027_u040.wav,J26DS313_R0027,J26DS313_R0027_u040,85.1,87.64,2.52,එක්කෝ SSCL තියෙන්න ඕනේ නැත්නම් VAT තියෙන්න ඕනේ කියලා. දැක්ක එකක්.
/mnt/F/SLIIT/Research/J26-DS-313-SORA/c1/data/asr_clips/J26DS313_R0027_u041.wav,J26DS313_R0027,J26DS313_R0027_u041,88.04,93.39,5.34,"හැබැයි අර Mr. Mifly ඕගොල්ලන්ගේ හිටපු කමිෂනර් කෙනෙක් නේ දැන් Mr. Mifly, Mifly කියලා පත්තරයට ලියන්නේ ගොඩක් මේ articles tax සම්බන්ධයෙන් දන්නවද?"
/mnt/F/SLIIT/Research/J26-DS-313-SORA/c1/data/asr_clips/J26DS313_R0027_u042.wav,J26DS313_R0027,J26DS313_R0027_u042,96.1,105.76,9.66,දැන් එතුමා අදහසක් දීලා තිබ්බානේ SSCL තියන්නේ කියලා trading and wholesale ඒ වගේවට vat එක දාන්න කියලා තව තව දේවල් වලට එතකොට එයාට logic එකකුත් දීලා තිබුණානේ. මම දන්නේ නැහැ ඒක ඕගොල්ලෝ හොඳට ඒක කල්පනා කරලා බලන්න වෙනවා.
/mnt/F/SLIIT/Research/J26-DS-313-SORA/c1/data/asr_clips/J26DS313_R0027_u043.wav,J26DS313_R0027,J26DS313_R0027_u043,105.84,109.48,3.63,හැබැයි SSCL එකයි VAT එකයි threshold එක වෙනස් වෙයි මේක complicate වෙන එක තමයි තවදුරටත් වෙන්නේ ඒකයි මම කියන්නේ.
/mnt/F/SLIIT/Research/J26-DS-313-SORA/c1/data/asr_clips/J26DS313_R0027_u045.wav,J26DS313_R0027,J26DS313_R0027_u045,111.76,116.3,4.53,නෑ ඒක තමයි සභාපතිතුමා දැන් අර දැන් යනවනේ E-invoicing එක කරන්න යනවනේ දැන් ඒකේ progress එක මොකක්ද දැන් වෙනකොට?
/mnt/F/SLIIT/Research/J26-DS-313-SORA/c1/data/asr_clips/J26DS313_R0027_u046.wav,J26DS313_R0027,J26DS313_R0027_u046,116.3,120.76,4.44,වෙනකොට pilot project එක complete කරලා තියෙනවා. ඊළඟට ඒක expand කරගෙන යනවා අනිත් areas වලට.
/mnt/F/SLIIT/Research/J26-DS-313-SORA/c1/data/asr_clips/J26DS313_R0027_u047.wav,J26DS313_R0027,J26DS313_R0027_u047,121.72,126.74,5.01,රවි මන්ත්‍රීතුමාත් මුදල් දැමූ විදිහට ඉන්දද්දී ලොකු උත්සාහයක් ගත්තා මම හිතන්නේ ඕක දාන්න නේද අපි.
/mnt/F/SLIIT/Research/J26-DS-313-SORA/c1/data/asr_clips/J26DS313_R0027_u048.wav,J26DS313_R0027,J26DS313_R0027_u048,126.9,129.5,2.58,දැන් ඒක දැන් මේ වෙනකොට පටන් අරගෙන යනවනේ දැන් සෑහෙන පටන් අරගෙන යනවා.
/mnt/F/SLIIT/Research/J26-DS-313-SORA/c1/data/asr_clips/J26DS313_R0027_u049.wav,J26DS313_R0027,J26DS313_R0027_u049,129.74,133.24,3.48,ඒ කියන්නේ ඒකේ merchandise සමහර දුක චෙක් කරලා එක test run එකක් යනවා.
/mnt/F/SLIIT/Research/J26-DS-313-SORA/c1/data/asr_clips/J26DS313_R0027_u050.wav,J26DS313_R0027,J26DS313_R0027_u050,133.56,140.68,7.11,ඔව් දැනට test කරලා ඒ කියන්නේ implement කරලා තියෙනවා on board කරගෙන තියෙනවා කොටසක් දැනට. ඒගොළුවන්ගේ ERP එකත් එක්ක connect කරලා තියෙනවා Remis system එක.
/mnt/F/SLIIT/Research/J26-DS-313-SORA/c1/data/asr_clips/J26DS313_R0027_u052.wav,J26DS313_R0027,J26DS313_R0027_u052,142.1,143.15,1.05,Remis එක දුවන්නේ පරණ.
/mnt/F/SLIIT/Research/J26-DS-313-SORA/c1/data/asr_clips/J26DS313_R0027_u053.wav,J26DS313_R0027,J26DS313_R0027_u053,144.16,150.1,5.94,පරණ කියලා තියෙනවනේ ඒගොල්ලෝ වගකීමක් නැහැ. දැන් ඒකේ අලුත් system එකක් තියෙනවා කියලා දැන් කවුද ඒක ගෙනියන්නේ ඉදිරියට.
/mnt/F/SLIIT/Research/J26-DS-313-SORA/c1/data/asr_clips/J26DS313_R0027_u054.wav,J26DS313_R0027,J26DS313_R0027_u054,150.16,151.67,1.5,දැනට තාම Remis එක take over කරන plan එක.
/mnt/F/SLIIT/Research/J26-DS-313-SORA/c1/data/asr_clips/J26DS313_R0027_u055.wav,J26DS313_R0027,J26DS313_R0027_u055,154.59,156.38,1.77,හැබැයි දැන් Remis එක වගකීමක් ගන්නේ නැහැනේ. ඒගොල්ලෝ කියලා තියෙනවා දැන් ඕගොල්ලන්ට දුවන්න.
/mnt/F/SLIIT/Research/J26-DS-313-SORA/c1/data/asr_clips/J26DS313_R0027_u056.wav,J26DS313_R0027,J26DS313_R0027_u056,156.7,158.6,1.89,නෑ දැනට තාමත් Remis එක දුවන්නේ තියෙන.
/mnt/F/SLIIT/Research/J26-DS-313-SORA/c1/data/asr_clips/J26DS313_R0027_u058.wav,J26DS313_R0027,J26DS313_R0027_u058,159.64,160.83,1.17,කලින් තිබ්බම ඒක යටතේම තමයි තාම.
/mnt/F/SLIIT/Research/J26-DS-313-SORA/c1/data/asr_clips/J26DS313_R0027_u059.wav,J26DS313_R0027,J26DS313_R0027_u059,162.15,163.58,1.41,අපි ඒගොල්ලන්ට මොකුත් ගෙවන්නේ නැහැ නේ ඒගොල්ලෝ වගකීමක් නැහැ.
/mnt/F/SLIIT/Research/J26-DS-313-SORA/c1/data/asr_clips/J26DS313_R0027_u063.wav,J26DS313_R0027,J26DS313_R0027_u063,165.2,167.18,1.98,ගොඩක් අර්ථ හොඳට තියෙන්නේ ඒගොල්ලන්ට කියලා.
/mnt/F/SLIIT/Research/J26-DS-313-SORA/c1/data/asr_clips/J26DS313_R0027_u066.wav,J26DS313_R0027,J26DS313_R0027_u066,169.14,170.85,1.71,දැන් මේ DST Q එක VAT එකෙන් කීයක් ගන්නවද?
/mnt/F/SLIIT/Research/J26-DS-313-SORA/c1/data/asr_clips/J26DS313_R0027_u067.wav,J26DS313_R0027,J26DS313_R0027_u067,171.78,173.8,2.01,නෑ 1% එකකට 100යි කියලා කිව්වේ.
/mnt/F/SLIIT/Research/J26-DS-313-SORA/c1/data/asr_clips/J26DS313_R0027_u068.wav,J26DS313_R0027,J26DS313_R0027_u068,174.14,177.2,3.06,නෑ තිබ්බට දැන් මෙතන තියෙන්නේ annual estimate 937 කියලා අපි කිව්වේ 18 කියලා නේ 1.8 billion.
/mnt/F/SLIIT/Research/J26-DS-313-SORA/c1/data/asr_clips/J26DS313_R0027_u069.wav,J26DS313_R0027,J26DS313_R0027_u069,177.46,180.06,2.58,මොකක්ද තව part එකක් ආ customer එකෙන්.
/mnt/F/SLIIT/Research/J26-DS-313-SORA/c1/data/asr_clips/J26DS313_R0027_u070.wav,J26DS313_R0027,J26DS313_R0027_u070,180.1,181.66,1.56,ඔක්කොමට ඔක්කොම දළ වශයෙන් 1800යි.
/mnt/F/SLIIT/Research/J26-DS-313-SORA/c1/data/asr_clips/J26DS313_R0027_u074.wav,J26DS313_R0027,J26DS313_R0027_u074,184.34,187.5,3.15,Right well done. We'll go to the next next next exercise customs.
/mnt/F/SLIIT/Research/J26-DS-313-SORA/c1/data/asr_clips/J26DS313_R0028_u001.wav,J26DS313_R0028,J26DS313_R0028_u001,1.09,2.16,1.05,mobile app ekak thiyenawa
/mnt/F/SLIIT/Research/J26-DS-313-SORA/c1/data/asr_clips/J26DS313_R0028_u002.wav,J26DS313_R0028,J26DS313_R0028_u002,3.02,6.08,3.06,mobile app eken bankuwen gewanna puluwan phone eken gewanna puluwan dan
/mnt/F/SLIIT/Research/J26-DS-313-SORA/c1/data/asr_clips/J26DS313_R0028_u003.wav,J26DS313_R0028,J26DS313_R0028_u003,6.86,10.1,3.24,samanya pudgalaayek bankuwen me gewanna puluwan
/mnt/F/SLIIT/Research/J26-DS-313-SORA/c1/data/asr_clips/J26DS313_R0028_u004.wav,J26DS313_R0028,J26DS313_R0028_u004,10.12,21.26,11.13,mata hithenne manthri thuma kiyanne dan poddak inninne tax payers la ethchchrama gaththoth e ayata individual app ekak thiyenawa nam apita tax apita manage karaganna puluwan website ekakata yanne nathuwa
/mnt/F/SLIIT/Research/J26-DS-313-SORA/c1/data/asr_clips/J26DS313_R0028_u005.wav,J26DS313_R0028,J26DS313_R0028_u005,22.34,25.24,2.88,eyaane services okkoma mobile app ekak haraha
/mnt/F/SLIIT/Research/J26-DS-313-SORA/c1/data/asr_clips/J26DS313_R0028_u006.wav,J26DS313_R0028,J26DS313_R0028_u006,25.74,31.49,5.73,ow denata denata api sakachcha karagena yanawa mekata mobile app ekak introduce karanna wenama samantharawa
/mnt/F/SLIIT/Research/J26-DS-313-SORA/c1/data/asr_clips/J26DS313_R0028_u007.wav,J26DS313_R0028,J26DS313_R0028_u007,33.98,37.58,3.6,arawattanamnam amaarui eka system me ara api yojana
