stage,threshold,Fa,Fb,min_duration_off,DER,miss,fa,conf,count_ok,under,over,secs
0 shipped,0.6,0.07,0.8,0.0,18.5091,3.2212,2.8964,12.3914,26,21,2,11.0
1 th x Fb,0.35,0.07,0.2,0.0,23.8647,3.2212,2.8964,17.7471,19,3,27,12.8
1 th x Fb,0.35,0.07,0.4,0.0,18.0026,3.2212,2.8964,11.8850,31,9,9,12.6
1 th x Fb,0.35,0.07,0.8,0.0,18.3601,3.2212,2.8964,12.2424,27,20,2,11.6
1 th x Fb,0.35,0.07,1.6,0.0,21.3584,3.2212,2.8964,15.2408,23,25,1,9.9
1 th x Fb,0.35,0.07,3.2,0.0,25.0153,3.2212,2.8964,18.8976,19,30,0,11.4
1 th x Fb,0.45,0.07,0.2,0.0,19.4407,3.2212,2.8964,13.3231,23,3,23,12.4
1 th x Fb,0.45,0.07,0.4,0.0,17.1849,3.2212,2.8964,11.0672,31,10,8,12.3
1 th x Fb,0.45,0.07,0.8,0.0,18.9990,3.2212,2.8964,12.8814,27,20,2,10.6
1 th x Fb,0.45,0.07,1.6,0.0,21.8396,3.2212,2.8964,15.7220,23,26,0,10.8
1 th x Fb,0.45,0.07,3.2,0.0,23.7227,3.2212,2.8964,17.6051,18,31,0,11.5
1 th x Fb,0.5,0.07,0.2,0.0,19.0734,3.2212,2.8964,12.9557,26,3,20,12.6
1 th x Fb,0.5,0.07,0.4,0.0,17.3595,3.2212,2.8964,11.2419,30,11,8,12.0
1 th x Fb,0.5,0.07,0.8,0.0,18.0272,3.2212,2.8964,11.9096,27,20,2,9.8
1 th x Fb,0.5,0.07,1.6,0.0,21.0768,3.2212,2.8964,14.9592,23,25,1,12.0
1 th x Fb,0.5,0.07,3.2,0.0,24.0099,3.2212,2.8964,17.8923,19,30,0,11.1
1 th x Fb,0.55,0.07,0.2,0.0,20.2162,3.2212,2.8964,14.0986,24,3,22,12.2
1 th x Fb,0.55,0.07,0.4,0.0,17.5982,3.2212,2.8964,11.4806,31,11,7,10.5
1 th x Fb,0.55,0.07,0.8,0.0,18.4755,3.2212,2.8964,12.3579,26,21,2,10.7
1 th x Fb,0.55,0.07,1.6,0.0,20.5229,3.2212,2.8964,14.4053,24,24,1,11.4
1 th x Fb,0.55,0.07,3.2,0.0,23.9752,3.2212,2.8964,17.8575,19,30,0,10.9
1 th x Fb,0.6,0.07,0.2,0.0,19.3176,3.2212,2.8964,13.1999,24,3,22,10.8
1 th x Fb,0.6,0.07,0.4,0.0,17.0513,3.2212,2.8964,10.9336,33,10,6,11.0
1 th x Fb,0.6,0.07,1.6,0.0,20.5229,3.2212,2.8964,14.4053,24,24,1,11.1
1 th x Fb,0.6,0.07,3.2,0.0,22.4799,3.2212,2.8964,16.3622,21,28,0,10.9
1 th x Fb,0.65,0.07,0.2,0.0,19.9014,3.2212,2.8964,13.7837,26,4,19,10.5
1 th x Fb,0.65,0.07,0.4,0.0,18.2064,3.2212,2.8964,12.0888,33,10,6,10.9
1 th x Fb,0.65,0.07,0.8,0.0,19.2274,3.2212,2.8964,13.1097,26,21,2,11.3
1 th x Fb,0.65,0.07,1.6,0.0,20.5229,3.2212,2.8964,14.4053,24,24,1,11.1
1 th x Fb,0.65,0.07,3.2,0.0,22.7305,3.2212,2.8964,16.6128,20,28,1,9.2
1 th x Fb,0.7,0.07,0.2,0.0,18.9811,3.2212,2.8964,12.8634,28,5,16,11.4
1 th x Fb,0.7,0.07,0.4,0.0,18.7398,3.2212,2.8964,12.6221,33,10,6,11.4
1 th x Fb,0.7,0.07,0.8,0.0,19.4891,3.2212,2.8964,13.3715,26,21,2,11.2
1 th x Fb,0.7,0.07,1.6,0.0,20.5229,3.2212,2.8964,14.4053,24,24,1,9.5
1 th x Fb,0.7,0.07,3.2,0.0,22.7386,3.2212,2.8964,16.6209,20,28,1,10.7
2 Fa,0.6,0.03,0.4,0.0,21.5700,3.2212,2.8964,15.4524,23,26,0,10.7
2 Fa,0.6,0.15,0.4,0.0,25.4062,3.2212,2.8964,19.2886,13,2,34,12.3
2 Fa,0.6,0.3,0.4,0.0,28.4349,3.2212,2.8964,22.3173,7,2,40,12.8
3 fine th,0.575,0.07,0.4,0.0,17.2539,3.2212,2.8964,11.1362,32,11,6,10.1
3 fine th,0.625,0.07,0.4,0.0,17.8298,3.2212,2.8964,11.7121,33,10,6,11.0
4 min_dur_off,0.6,0.07,0.4,0.1,17.0979,3.1819,3.0194,10.8965,33,10,6,11.2
4 min_dur_off,0.6,0.07,0.4,0.2,17.1222,3.0786,3.1828,10.8607,33,10,6,10.3
4 min_dur_off,0.6,0.07,0.4,0.4,17.8107,2.7233,4.2822,10.8051,33,10,6,10.3
